ID,Field,assigned_name,race,skills_count,years_experience,education_level,qual_score,callback_prob,callback
36856210,Technology,Anne Peterson,white,4,1,4,-0.3434476611407425,0.0706190690205173,0
36856210,Technology,Leroy Harris,black,4,1,4,-0.3434476611407425,0.05087941829521159,0
21780877,Technology,Brett Martin,white,2,1,4,-0.5643523538558074,0.05986439268515062,0
21780877,Technology,Keisha Williams,black,2,1,4,-0.5643523538558074,0.042991859227954184,0
33241454,Technology,Connor Brown,white,1,3,4,-0.4931619769181803,0.06315120639742515,0
33241454,Technology,Kenya Davis,black,1,3,4,-0.4931619769181803,0.04539703054092485,1
25990239,Technology,Carrie Stewart,white,3,2,5,0.8601317774068662,0.16598486494499318,0
25990239,Technology,Precious Moore,black,3,2,5,0.8601317774068662,0.12311965969576259,0
16899268,Technology,Meredith Collins,white,2,2,4,-0.4735309922082276,0.06408675000016899,0
16899268,Technology,Leroy Harris,black,2,2,4,-0.4735309922082276,0.04608249517202669,0
91635250,Technology,Brett Martin,white,2,2,4,-0.4735309922082276,0.06408675000016899,0
91635250,Technology,Terrence Moore,black,2,2,4,-0.4735309922082276,0.04608249517202669,0
19796840,Technology,Laurie Rogers,white,6,1,4,-0.12254296842567751,0.08313497808533636,0
19796840,Technology,Hakim Williams,black,6,1,4,-0.12254296842567751,0.06012316611533122,0
15651486,Technology,Todd Williams,white,6,5,4,0.2407424781646419,0.1081415533330049,0
15651486,Technology,Aisha Jackson,black,6,5,4,0.2407424781646419,0.07880282499639969,0
52246737,Technology,Claire Johnson,white,4,1,4,-0.3434476611407425,0.0706190690205173,0
52246737,Technology,Ebony Robinson,black,4,1,4,-0.3434476611407425,0.05087941829521159,0
12045067,Technology,Brett Wilson,white,2,5,4,-0.20106690726548804,0.07847036573884267,1
12045067,Technology,Jamal Washington,black,2,5,4,-0.20106690726548804,0.056669916337712636,0
13836471,Technology,Allison Martin,white,3,4,4,-0.18143592255553542,0.07961356693803537,0
13836471,Technology,Kenya Davis,black,3,4,4,-0.18143592255553542,0.057515338539408455,0
14789139,Technology,Jay Garcia,white,3,1,4,-0.45390000749827497,0.06503519095495605,0
14789139,Technology,Aaliyah Wilson,black,3,1,4,-0.45390000749827497,0.046777802680909426,0
36434348,Technology,Geoffrey Thomas,white,5,10,4,0.5843969400450088,0.1376504960212437,0
36434348,Technology,Jermaine Taylor,black,5,10,4,0.5843969400450088,0.1012145632222331,0
27536013,Technology,Laurie Rogers,white,3,10,4,0.36349224732994373,0.11798343907099071,0
27536013,Technology,Jamal Washington,black,3,10,4,0.36349224732994373,0.08623278259771334,0
18301617,Technology,Laurie Rogers,white,6,1,3,-1.3457533916832387,0.03295624162798461,0
18301617,Technology,Tanisha Harris,black,6,1,3,-1.3457533916832387,0.023478264033303605,0
24913648,Technology,Todd Miller,white,1,1,4,-0.67480470021334,0.05508049294701235,0
24913648,Technology,Kareem Davis,black,1,1,4,-0.67480470021334,0.03949963246922554,0
26801767,Technology,Brett Wilson,white,5,30,5,3.6240345962541665,0.6449163709679947,1
26801767,Technology,Aisha Jackson,black,5,30,5,3.6240345962541665,0.5616616298179037,1
27372171,Technology,Brett Wilson,white,2,2,4,-0.4735309922082276,0.06408675000016899,0
27372171,Technology,Precious Moore,black,2,2,4,-0.4735309922082276,0.04608249517202669,0
91697974,Technology,Brendan Taylor,white,2,5,4,-0.20106690726548804,0.07847036573884267,0
91697974,Technology,Ebony Robinson,black,2,5,4,-0.20106690726548804,0.056669916337712636,0
28672970,Technology,Claire Johnson,white,1,2,4,-0.5839833385657601,0.05898660259980365,0
28672970,Technology,Jermaine Taylor,black,1,2,4,-0.5839833385657601,0.042350325969916044,0
66832845,Technology,Kristen Murphy,white,3,5,4,-0.09061456090795554,0.085102781353008,0
66832845,Technology,Aaliyah Wilson,black,3,5,4,-0.09061456090795554,0.06158286526551052,0
25207620,Technology,Neil Johnson,white,2,5,4,-0.20106690726548804,0.07847036573884267,0
25207620,Technology,Tanisha Harris,black,2,5,4,-0.20106690726548804,0.056669916337712636,0
41344156,Technology,Carrie Stewart,white,5,1,4,-0.23299531478320998,0.07664307435564087,0
41344156,Technology,Ebony Robinson,black,5,1,4,-0.23299531478320998,0.05531980401548195,0
68460556,Technology,Jay Garcia,white,1,5,4,-0.3115192536230206,0.07231398658462047,0
68460556,Technology,Aisha Jackson,black,1,5,4,-0.3115192536230206,0.05212714022780281,0
10247517,Technology,Laurie Rogers,white,5,2,4,-0.1421739531356301,0.08194571364663221,0
10247517,Technology,Hakim Williams,black,5,2,4,-0.1421739531356301,0.05924182074173235,0
25959103,Technology,Emily Walsh,white,4,5,4,0.019837785449576956,0.09223966644525139,0
25959103,Technology,Tremayne Brown,black,4,5,4,0.019837785449576956,0.06689153575416137,0
13385306,Technology,Jill Anderson,white,6,4,4,0.14992111651706203,0.10133090204886626,0
13385306,Technology,Keisha Williams,black,6,4,4,0.14992111651706203,0.07368723572300286,0
38753827,Technology,Molly Davis,white,3,2,4,-0.3630786458506951,0.06959525708766563,0
38753827,Technology,Hakim Williams,black,3,2,4,-0.3630786458506951,0.050126350178096794,0
17681064,Technology,Todd Miller,white,1,4,4,-0.40234061527060044,0.06758872283377415,0
17681064,Technology,Terrence Moore,black,1,4,4,-0.40234061527060044,0.0486517814816515,0
25905275,Technology,Anne Peterson,white,2,5,4,-0.20106690726548804,0.07847036573884267,1
25905275,Technology,DeShawn Wilson,black,2,5,4,-0.20106690726548804,0.056669916337712636,0
11580408,Technology,Kristen Murphy,white,3,3,4,-0.27225728420311524,0.07444960078130085,0
11580408,Technology,Terrence Moore,black,3,3,4,-0.27225728420311524,0.05370109648632497,0
19201175,Technology,Brad Anderson,white,2,1,4,-0.5643523538558074,0.05986439268515062,0
19201175,Technology,Jermaine Taylor,black,2,1,4,-0.5643523538558074,0.042991859227954184,0
12635195,Technology,Molly Davis,white,5,2,4,-0.1421739531356301,0.08194571364663221,0
12635195,Technology,Jermaine Taylor,black,5,2,4,-0.1421739531356301,0.05924182074173235,0
32959732,Technology,Sarah Mitchell,white,6,4,4,0.14992111651706203,0.10133090204886626,0
32959732,Technology,Latoya Brown,black,6,4,4,0.14992111651706203,0.07368723572300286,0
17688766,Technology,Emily Taylor,white,3,3,4,-0.27225728420311524,0.07444960078130085,0
17688766,Technology,Ebony Robinson,black,3,3,4,-0.27225728420311524,0.05370109648632497,0
20024870,Technology,Brendan Taylor,white,6,3,4,0.0590997548694822,0.09490353636737033,0
20024870,Technology,Aisha Jackson,black,6,3,4,0.0590997548694822,0.06887890130297572,0
22450718,Technology,Laurie Rogers,white,4,5,4,0.019837785449576956,0.09223966644525139,0
22450718,Technology,Ebony Robinson,black,4,5,4,0.019837785449576956,0.06689153575416137,0
46260230,Technology,Connor Brown,white,5,2,4,-0.1421739531356301,0.08194571364663221,0
46260230,Technology,DeShawn Wilson,black,5,2,4,-0.1421739531356301,0.05924182074173235,0
10839851,Technology,Laurie Rogers,white,1,2,4,-0.5839833385657601,0.05898660259980365,1
10839851,Technology,Tamika Jones,black,1,2,4,-0.5839833385657601,0.042350325969916044,0
18752129,Technology,Emily Walsh,white,2,3,4,-0.3827096305606478,0.06858519268674407,0
18752129,Technology,Aisha Jackson,black,2,3,4,-0.3827096305606478,0.049383848300360085,0
37764298,Technology,Matthew Davis,white,5,1,4,-0.23299531478320998,0.07664307435564087,0
37764298,Technology,Tremayne Brown,black,5,1,4,-0.23299531478320998,0.05531980401548195,0
90867631,Technology,Claire Johnson,white,6,1,4,-0.12254296842567751,0.08313497808533636,0
90867631,Technology,Kareem Davis,black,6,1,4,-0.12254296842567751,0.06012316611533122,1
17641670,Technology,Sarah Mitchell,white,4,4,4,-0.0709835761980029,0.08633355507655319,0
17641670,Technology,Lakisha Washington,black,4,4,4,-0.0709835761980029,0.06249672485047951,0
24889109,Technology,Jay Garcia,white,0,3,4,-0.6036143232757127,0.05812088781899663,0
24889109,Technology,Tanisha Harris,black,0,3,4,-0.6036143232757127,0.04171794849087548,0
24083609,Technology,Greg Baker,white,1,1,4,-0.67480470021334,0.05508049294701235,0
24083609,Technology,DeShawn Wilson,black,1,1,4,-0.67480470021334,0.03949963246922554,0
24038620,Technology,Molly Davis,white,2,3,4,-0.3827096305606478,0.06858519268674407,0
24038620,Technology,Ebony Robinson,black,2,3,4,-0.3827096305606478,0.049383848300360085,0
29051656,Technology,Claire Johnson,white,7,3,4,0.16955210122701467,0.10277000703498713,0
29051656,Technology,Lakisha Washington,black,7,3,4,0.16955210122701467,0.07476640716361536,1
20237244,Technology,Emily Walsh,white,4,5,4,0.019837785449576956,0.09223966644525139,0
20237244,Technology,Imani Taylor,black,4,5,4,0.019837785449576956,0.06689153575416137,0
20001721,Technology,Allison Martin,white,5,3,4,-0.05135259148805026,0.08758042458687908,0
20001721,Technology,Hakim Williams,black,5,3,4,-0.05135259148805026,0.06342322912438979,0
92069209,Technology,Carrie Stewart,white,0,1,4,-0.7852570465708725,0.050658286068177016,0
92069209,Technology,Leroy Harris,black,0,1,4,-0.7852570465708725,0.03628032502763474,0
13405733,Technology,Brendan Taylor,white,8,4,4,0.370825809232127,0.11859533271112495,0
13405733,Technology,Keisha Williams,black,8,4,4,0.370825809232127,0.08669619452747848,0
28697203,Technology,Sarah Mitchell,white,5,5,4,0.13029013180710944,0.09990970508401463,0
28697203,Technology,DeShawn Wilson,black,5,5,4,0.13029013180710944,0.07262241831747648,0
28035460,Technology,Brett Wilson,white,4,1,4,-0.3434476611407425,0.0706190690205173,0
28035460,Technology,Aisha Jackson,black,4,1,4,-0.3434476611407425,0.05087941829521159,0
21283365,Technology,Brett Wilson,white,2,4,4,-0.2918882689130679,0.07337463945758195,0
21283365,Technology,Keisha Williams,black,2,4,4,-0.2918882689130679,0.052908592722850936,0
17987433,Technology,Meredith Collins,white,3,1,4,-0.45390000749827497,0.06503519095495605,0
17987433,Technology,Jamal Washington,black,3,1,4,-0.45390000749827497,0.046777802680909426,0
10553553,Technology,Molly Davis,white,5,5,4,0.13029013180710944,0.09990970508401463,0
10553553,Technology,Hakim Williams,black,5,5,4,0.13029013180710944,0.07262241831747648,0
15118506,Technology,Anne Peterson,white,2,3,4,-0.3827096305606478,0.06858519268674407,0
15118506,Technology,Precious Moore,black,2,3,4,-0.3827096305606478,0.049383848300360085,1
18176523,Technology,Brendan Taylor,white,3,5,4,-0.09061456090795554,0.085102781353008,0
18176523,Technology,Tyrone Jackson,black,3,5,4,-0.09061456090795554,0.06158286526551052,0
24020470,Technology,Carrie Stewart,white,4,3,4,-0.16180493784558275,0.08077196315452341,0
24020470,Technology,Terrence Moore,black,4,3,4,-0.16180493784558275,0.058372592612785774,0
70089206,Technology,Matthew Davis,white,9,5,4,0.5720995172372394,0.1364868623155995,0
70089206,Technology,Kenya Davis,black,9,5,4,0.5720995172372394,0.10032310882173288,0
27770859,Technology,Claire Johnson,white,4,2,4,-0.2526262994931626,0.07553902679508476,0
27770859,Technology,Lakisha Washington,black,4,2,4,-0.2526262994931626,0.054504787798326924,0
57002858,Technology,Allison Martin,white,2,1,4,-0.5643523538558074,0.05986439268515062,0
57002858,Technology,Tyrone Jackson,black,2,1,4,-0.5643523538558074,0.042991859227954184,0
13477922,Technology,Matthew Davis,white,2,1,4,-0.5643523538558074,0.05986439268515062,0
13477922,Technology,Imani Taylor,black,2,1,4,-0.5643523538558074,0.042991859227954184,0
28126340,Technology,Laurie Rogers,white,9,9,4,0.9353849638275588,0.1744873427510992,1
28126340,Technology,Lakisha Washington,black,9,9,4,0.9353849638275588,0.12976803790826033,1
37242217,Technology,Matthew Davis,white,11,10,4,1.2471110181902036,0.21336306853095072,0
37242217,Technology,Precious Moore,black,11,10,4,1.2471110181902036,0.16061889102698093,1
10089434,Technology,Claire Johnson,white,9,2,4,0.29963543229449985,0.11277018878050933,0
10089434,Technology,Ebony Robinson,black,9,2,4,0.29963543229449985,0.08229158222874387,1
11957080,Technology,Laurie Rogers,white,5,3,4,-0.05135259148805026,0.08758042458687908,0
11957080,Technology,Leroy Harris,black,5,3,4,-0.05135259148805026,0.06342322912438979,0
35325329,Technology,Jill Anderson,white,3,1,4,-0.45390000749827497,0.06503519095495605,0
35325329,Technology,Tyrone Jackson,black,3,1,4,-0.45390000749827497,0.046777802680909426,0
10840430,Technology,Jay Garcia,white,4,2,4,-0.2526262994931626,0.07553902679508476,0
10840430,Technology,Precious Moore,black,4,2,4,-0.2526262994931626,0.054504787798326924,0
64017585,Technology,Emily Taylor,white,5,1,4,-0.23299531478320998,0.07664307435564087,0
64017585,Technology,Jermaine Taylor,black,5,1,4,-0.23299531478320998,0.05531980401548195,0
19850482,Technology,Jay Garcia,white,2,4,4,-0.2918882689130679,0.07337463945758195,0
19850482,Technology,Shanice Thomas,black,2,4,4,-0.2918882689130679,0.052908592722850936,0
52618188,Technology,Todd Miller,white,2,3,4,-0.3827096305606478,0.06858519268674407,0
52618188,Technology,Tanisha Harris,black,2,3,4,-0.3827096305606478,0.049383848300360085,0
28897981,Technology,Brett Wilson,white,7,4,4,0.2603734628745945,0.10966557995371948,0
28897981,Technology,Precious Moore,black,7,4,4,0.2603734628745945,0.07995044944170891,0
51639418,Technology,Claire Johnson,white,7,3,5,1.3927625244845758,0.23357200658235516,0
51639418,Technology,Darnell Robinson,black,7,3,5,1.3927625244845758,0.1769559024602758,0
20674668,Technology,Meredith Collins,white,11,2,4,0.5205401250095648,0.1316979880294667,0
20674668,Technology,Rasheed Jones,black,11,2,4,0.5205401250095648,0.0966610653970932,0
23527321,Technology,Claire Johnson,white,4,3,4,-0.16180493784558275,0.08077196315452341,0
23527321,Technology,Jermaine Taylor,black,4,3,4,-0.16180493784558275,0.058372592612785774,0
18159866,Technology,Brad Anderson,white,6,3,4,0.0590997548694822,0.09490353636737033,0
18159866,Technology,Leroy Harris,black,6,3,4,0.0590997548694822,0.06887890130297572,0
22776912,Technology,Matthew Davis,white,6,2,4,-0.03172160677809764,0.08884355091046765,0
22776912,Technology,Leroy Harris,black,6,2,4,-0.03172160677809764,0.0643625257107663,0
23864648,Technology,Todd Williams,white,3,20,4,1.2717058638057421,0.21668407605535867,0
23864648,Technology,Marquis Thomas,black,3,20,4,1.2717058638057421,0.1632893479488912,0
18187364,Technology,Connor Brown,white,6,3,4,0.0590997548694822,0.09490353636737033,0
18187364,Technology,Tanisha Harris,black,6,3,4,0.0590997548694822,0.06887890130297572,0
83816738,Technology,Brendan Taylor,white,19,3,4,1.4949802575174047,0.24852842543505532,0
83816738,Technology,Kareem Davis,black,19,3,4,1.4949802575174047,0.18918185712662108,0
20824105,Technology,Kristen Murphy,white,7,1,4,-0.012090622068145028,0.0901230952382635,0
20824105,Technology,Tanisha Harris,black,7,1,4,-0.012090622068145028,0.06531476313907837,0
33381211,Technology,Sarah Mitchell,white,9,20,4,1.9344199419509371,0.3197492448641088,1
33381211,Technology,Imani Taylor,black,9,20,4,1.9344199419509371,0.24903169234237874,0
16533554,Technology,Geoffrey Thomas,white,2,16,4,0.7979680708578903,0.1592142749000029,0
16533554,Technology,Rasheed Jones,black,2,16,4,0.7979680708578903,0.11785048856553483,0
20879311,Technology,Geoffrey Thomas,white,3,15,4,0.8175990555678428,0.16132786615163816,0
20879311,Technology,Tyrone Jackson,black,3,15,4,0.8175990555678428,0.11949300975773681,0
31111279,Technology,Jill Anderson,white,6,5,4,0.2407424781646419,0.1081415533330049,0
31111279,Technology,Lakisha Washington,black,6,5,4,0.2407424781646419,0.07880282499639969,1
17111768,Technology,Jill Anderson,white,7,2,4,0.07873073957943484,0.09626113733923758,0
17111768,Technology,Imani Taylor,black,7,2,4,0.07873073957943484,0.06989296661169424,0
11584809,Technology,Jay Garcia,white,5,5,4,0.13029013180710944,0.09990970508401463,0
11584809,Technology,Ebony Robinson,black,5,5,4,0.13029013180710944,0.07262241831747648,0
20408458,Technology,Sarah Mitchell,white,2,2,4,-0.4735309922082276,0.06408675000016899,0
20408458,Technology,Hakim Williams,black,2,2,4,-0.4735309922082276,0.04608249517202669,0
91121135,Technology,Jay Garcia,white,3,2,4,-0.3630786458506951,0.06959525708766563,0
91121135,Technology,Aisha Jackson,black,3,2,4,-0.3630786458506951,0.050126350178096794,0
24230851,Technology,Allison Martin,white,2,4,4,-0.2918882689130679,0.07337463945758195,0
24230851,Technology,Terrence Moore,black,2,4,4,-0.2918882689130679,0.052908592722850936,1
40018190,Technology,Meredith Collins,white,2,4,4,-0.2918882689130679,0.07337463945758195,0
40018190,Technology,Terrence Moore,black,2,4,4,-0.2918882689130679,0.052908592722850936,0
16186411,Technology,Emily Taylor,white,15,3,4,1.0531708720872746,0.18847900075697924,1
16186411,Technology,Jamal Washington,black,15,3,4,1.0531708720872746,0.14078533120363093,0
29975124,Technology,Meredith Collins,white,6,20,4,1.6030629028783396,0.2650254448297849,0
29975124,Technology,Jermaine Taylor,black,6,20,4,1.6030629028783396,0.20280265168344533,0
26746496,Technology,Emily Taylor,white,14,5,4,1.1243612490249018,0.1973450242990934,0
26746496,Technology,Tamika Jones,black,14,5,4,1.1243612490249018,0.1478165001787856,0
89413122,Technology,Geoffrey Thomas,white,2,2,4,-0.4735309922082276,0.06408675000016899,0
89413122,Technology,Tyrone Jackson,black,2,2,4,-0.4735309922082276,0.04608249517202669,0
12334140,Technology,Meredith Collins,white,3,3,3,-1.4954677074606764,0.02934541013829964,0
12334140,Technology,Marquis Thomas,black,3,3,3,-1.4954677074606764,0.020883456193102914,0
10641230,Technology,Sarah Mitchell,white,11,1,4,0.42971876336198495,0.12360939309371206,0
10641230,Technology,Jermaine Taylor,black,11,1,4,0.42971876336198495,0.09050007576993771,0
10265057,Technology,Allison Martin,white,7,2,4,0.07873073957943484,0.09626113733923758,0
10265057,Technology,Tanisha Harris,black,7,2,4,0.07873073957943484,0.06989296661169424,0
30223363,Technology,Claire Johnson,white,9,1,4,0.20881407064691998,0.10570257973035707,0
30223363,Technology,Terrence Moore,black,9,1,4,0.20881407064691998,0.07696843845018483,0
15791766,Technology,Meredith Collins,white,4,9,4,0.38312323203989634,0.11962756195789355,0
15791766,Technology,Jermaine Taylor,black,4,9,4,0.38312323203989634,0.08747833605138122,0
29075857,Technology,Brett Martin,white,5,3,4,-0.05135259148805026,0.08758042458687908,0
29075857,Technology,Lakisha Washington,black,5,3,4,-0.05135259148805026,0.06342322912438979,0
12763627,Technology,Carrie Stewart,white,12,4,4,0.812635194662257,0.160791295475945,0
12763627,Technology,Darnell Robinson,black,12,4,4,0.812635194662257,0.11907582484552484,0
39718499,Technology,Jay Garcia,white,1,3,4,-0.4931619769181803,0.06315120639742515,0
39718499,Technology,Lakisha Washington,black,1,3,4,-0.4931619769181803,0.04539703054092485,0
27058381,Technology,Sarah Mitchell,white,4,1,4,-0.3434476611407425,0.0706190690205173,0
27058381,Technology,Marquis Thomas,black,4,1,4,-0.3434476611407425,0.05087941829521159,0
25857360,Technology,Sarah Mitchell,white,1,14,4,0.5058730012051981,0.13036198589585885,0
25857360,Technology,Jermaine Taylor,black,1,14,4,0.5058730012051981,0.095641343433673,0
26768723,Technology,Claire Johnson,white,4,2,4,-0.2526262994931626,0.07553902679508476,1
26768723,Technology,Jermaine Taylor,black,4,2,4,-0.2526262994931626,0.054504787798326924,0
31243710,Technology,Brad Anderson,white,7,5,4,0.3511948245221744,0.11696351166153612,0
31243710,Technology,Imani Taylor,black,7,5,4,0.3511948245221744,0.08546073456762569,0
15297298,Technology,Emily Walsh,white,0,3,4,-0.6036143232757127,0.05812088781899663,0
15297298,Technology,Terrence Moore,black,0,3,4,-0.6036143232757127,0.04171794849087548,0
27295996,Technology,Brad Anderson,white,5,2,4,-0.1421739531356301,0.08194571364663221,0
27295996,Technology,Latoya Brown,black,5,2,4,-0.1421739531356301,0.05924182074173235,0
39413067,Technology,Emily Taylor,white,5,4,4,0.039468770159529584,0.09356309983318606,0
39413067,Technology,Shanice Thomas,black,5,4,4,0.039468770159529584,0.06787847516140275,0
48037995,Technology,Greg Baker,white,3,4,4,-0.18143592255553542,0.07961356693803537,0
48037995,Technology,Kenya Davis,black,3,4,4,-0.18143592255553542,0.057515338539408455,0
15802627,Technology,Molly Davis,white,2,4,4,-0.2918882689130679,0.07337463945758195,0
15802627,Technology,Ebony Robinson,black,2,4,4,-0.2918882689130679,0.052908592722850936,0
51363762,Technology,Todd Williams,white,4,2,4,-0.2526262994931626,0.07553902679508476,1
51363762,Technology,Kareem Davis,black,4,2,4,-0.2526262994931626,0.054504787798326924,0
18067556,Technology,Jill Anderson,white,11,3,4,0.6113614866571446,0.14023118235521853,0
18067556,Technology,Marquis Thomas,black,11,3,4,0.6113614866571446,0.10319388915871536,0
27485716,Technology,Jay Garcia,white,2,2,4,-0.4735309922082276,0.06408675000016899,0
27485716,Technology,Precious Moore,black,2,2,4,-0.4735309922082276,0.04608249517202669,0
26480367,Technology,Brett Martin,white,5,2,4,-0.1421739531356301,0.08194571364663221,1
26480367,Technology,Kenya Davis,black,5,2,4,-0.1421739531356301,0.05924182074173235,0
81761658,Technology,Neil Johnson,white,3,5,4,-0.09061456090795554,0.085102781353008,0
81761658,Technology,Imani Taylor,black,3,5,4,-0.09061456090795554,0.06158286526551052,0
79541391,Technology,Molly Davis,white,5,5,4,0.13029013180710944,0.09990970508401463,0
79541391,Technology,Imani Taylor,black,5,5,4,0.13029013180710944,0.07262241831747648,0
23666211,Technology,Emily Taylor,white,1,3,4,-0.4931619769181803,0.06315120639742515,0
23666211,Technology,Hakim Williams,black,1,3,4,-0.4931619769181803,0.04539703054092485,0
12467531,Education,Allison Martin,white,8,5,4,0.19192418497611022,0.10443209328654106,0
12467531,Education,Darnell Robinson,black,8,5,4,0.19192418497611022,0.07601396465371767,0
19918523,Education,Allison Martin,white,8,4,4,0.07842143401810484,0.0962396130769669,0
19918523,Education,Precious Moore,black,8,4,4,0.07842143401810484,0.0698768824697169,0
62184086,Education,Greg Baker,white,10,5,4,0.4576069408443393,0.1260466624035713,1
62184086,Education,Jermaine Taylor,black,10,5,4,0.4576069408443393,0.09235330684154455,0
28063132,Education,Meredith Collins,white,3,4,3,-1.1461028693348292,0.038444277643262297,0
28063132,Education,Leroy Harris,black,3,4,3,-1.1461028693348292,0.027432753649572702,0
29797594,Education,Sarah Mitchell,white,10,3,4,0.23060143892832854,0.10736157930561431,0
29797594,Education,Marquis Thomas,black,10,3,4,0.23060143892832854,0.07821589951922862,0
22408666,Education,Molly Davis,white,9,2,4,-0.015742689963791356,0.0898838036141836,0
22408666,Education,Hakim Williams,black,9,2,4,-0.015742689963791356,0.06513662617081946,0
13087952,Education,Todd Miller,white,7,2,4,-0.28142544583202045,0.07394577621596225,0
13087952,Education,Jermaine Taylor,black,7,2,4,-0.28142544583202045,0.05332959333410041,0
15850434,Education,Matthew Davis,white,8,5,4,0.19192418497611022,0.10443209328654106,0
15850434,Education,Shanice Thomas,black,8,5,4,0.19192418497611022,0.07601396465371767,0
28772892,Education,Anne Peterson,white,9,4,4,0.21126281195221938,0.10588790554143956,0
28772892,Education,Rasheed Jones,black,9,4,4,0.21126281195221938,0.07710772912351599,0
33704389,Education,Brett Martin,white,10,1,4,0.003595937012317779,0.0911574518867837,0
33704389,Education,Hakim Williams,black,10,1,4,0.003595937012317779,0.06608507083152956,0
16210888,Education,Laurie Rogers,white,11,1,4,0.13643731494643238,0.10035281794236442,0
16210888,Education,Marquis Thomas,black,11,1,4,0.13643731494643238,0.07295431758506918,0
38750659,Education,Kristen Murphy,white,8,1,4,-0.26208681885591134,0.07501219747988737,0
38750659,Education,Keisha Williams,black,8,1,4,-0.26208681885591134,0.05411606944847314,0
90363254,Education,Neil Johnson,white,12,2,4,0.38278144383855217,0.11959876811878367,0
90363254,Education,Rasheed Jones,black,12,2,4,0.38278144383855217,0.0874565116789454,0
66906212,Education,Neil Johnson,white,11,2,4,0.24994006590443776,0.10885326570293323,0
66906212,Education,Ebony Robinson,black,11,2,4,0.24994006590443776,0.07933862708219538,0
34745915,Education,Todd Williams,white,7,4,4,-0.05441994391600971,0.08738453299690818,0
34745915,Education,Shanice Thomas,black,7,4,4,-0.05441994391600971,0.06327762282476994,0
34689720,Education,Matthew Davis,white,6,5,4,-0.0737585708921189,0.08615860238828263,0
34689720,Education,Darnell Robinson,black,6,5,4,-0.0737585708921189,0.06236677959957914,1
48547319,Education,Meredith Collins,white,7,1,4,-0.3949281967900259,0.06796338982623125,0
48547319,Education,Tyrone Jackson,black,7,1,4,-0.3949281967900259,0.04892698300295419,0
19464810,Education,Brendan Taylor,white,6,10,4,0.49375518389790807,0.12926690291853726,0
19464810,Education,Kareem Davis,black,6,10,4,0.49375518389790807,0.09480612844301141,0
28086303,Education,Emily Taylor,white,10,4,4,0.34410418988633396,0.11637890955002268,0
28086303,Education,Shanice Thomas,black,10,4,4,0.34410418988633396,0.08501842852139462,0
13855004,Education,Emily Taylor,white,10,4,4,0.34410418988633396,0.11637890955002268,0
13855004,Education,Lakisha Washington,black,10,4,4,0.34410418988633396,0.08501842852139462,0
35421497,Education,Laurie Rogers,white,10,5,4,0.4576069408443393,0.1260466624035713,0
35421497,Education,Marquis Thomas,black,10,5,4,0.4576069408443393,0.09235330684154455,0
69005326,Education,Todd Miller,white,4,4,4,-0.4529440777183533,0.06508170714412813,1
69005326,Education,Lakisha Washington,black,4,4,4,-0.4529440777183533,0.04681191415393761,0
18001081,Education,Brad Anderson,white,12,5,4,0.7232896967125683,0.1513786721628563,0
18001081,Education,Terrence Moore,black,12,5,4,0.7232896967125683,0.11177993310044759,0
14958913,Education,Laurie Rogers,white,5,3,4,-0.4336054507422441,0.06602940861765233,0
14958913,Education,Darnell Robinson,black,5,3,4,-0.4336054507422441,0.0475070946315376,0
13296856,Education,Meredith Collins,white,7,5,4,0.05908280704199567,0.09490237176170062,0
13296856,Education,Marquis Thomas,black,7,5,4,0.05908280704199567,0.06887803175437271,0
63391085,Education,Emily Taylor,white,9,1,4,-0.12924544092179674,0.08272718156102726,0
63391085,Education,Shanice Thomas,black,9,1,4,-0.12924544092179674,0.05982088316512654,0
23939133,Education,Emily Taylor,white,8,1,4,-0.26208681885591134,0.07501219747988737,0
23939133,Education,Terrence Moore,black,8,1,4,-0.26208681885591134,0.05411606944847314,0
96547039,Education,Sarah Mitchell,white,7,5,3,-0.5012346066403657,0.06277020097656849,1
96547039,Education,Lakisha Washington,black,7,5,3,-0.5012346066403657,0.04511798147297845,0
22807104,Education,Allison Martin,white,7,3,4,-0.1679226948740151,0.08040932367756454,0
22807104,Education,Marquis Thomas,black,7,3,4,-0.1679226948740151,0.05810416218562204,0
23628651,Education,Brett Wilson,white,5,5,4,-0.20659994882623342,0.07815087475194539,0
23628651,Education,Imani Taylor,black,5,5,4,-0.20659994882623342,0.05643374996676149,0
29486525,Education,Jay Garcia,white,10,5,4,0.4576069408443393,0.1260466624035713,0
29486525,Education,Ebony Robinson,black,10,5,4,0.4576069408443393,0.09235330684154455,1
22510753,Education,Brad Anderson,white,8,3,4,-0.035081316939900534,0.08862621538101742,1
22510753,Education,Kenya Davis,black,8,3,4,-0.035081316939900534,0.06420085773136805,0
21773106,Education,Laurie Rogers,white,10,1,4,0.003595937012317779,0.0911574518867837,0
21773106,Education,DeShawn Wilson,black,10,1,4,0.003595937012317779,0.06608507083152956,0
34465087,Education,Jill Anderson,white,6,3,4,-0.30076407280812967,0.072893321126107,0
34465087,Education,Kareem Davis,black,6,3,4,-0.30076407280812967,0.0525539121268434,0
24791126,Education,Allison Martin,white,5,4,4,-0.3201026997842388,0.07185468312954782,0
24791126,Education,Tyrone Jackson,black,5,4,4,-0.3201026997842388,0.0517888960212961,1
15899269,Education,Allison Martin,white,5,2,4,-0.5471082017002495,0.06064553286809353,0
15899269,Education,Aisha Jackson,black,5,2,4,-0.5471082017002495,0.043563039857217725,0
37402097,Education,Claire Johnson,white,3,4,4,-0.5857854556524679,0.05890662910651284,0
37402097,Education,Jermaine Taylor,black,3,4,4,-0.5857854556524679,0.04229189408583941,0
36206485,Education,Allison Martin,white,12,1,4,0.26927869288054684,0.1103631152102289,0
36206485,Education,Tanisha Harris,black,12,1,4,0.26927869288054684,0.08047606352330464,0
36569713,Education,Brett Wilson,white,8,3,4,-0.035081316939900534,0.08862621538101742,0
36569713,Education,Hakim Williams,black,8,3,4,-0.035081316939900534,0.06420085773136805,0
28013287,Education,Greg Baker,white,8,5,4,0.19192418497611022,0.10443209328654106,0
28013287,Education,Leroy Harris,black,8,5,4,0.19192418497611022,0.07601396465371767,0
29267293,Education,Todd Williams,white,7,2,4,-0.28142544583202045,0.07394577621596225,0
29267293,Education,Ebony Robinson,black,7,2,4,-0.28142544583202045,0.05332959333410041,0
45286020,Education,Brett Wilson,white,9,5,4,0.32476556291022474,0.11479737943708732,0
45286020,Education,Darnell Robinson,black,9,5,4,0.32476556291022474,0.08382264347533133,0
13330982,Education,Jay Garcia,white,7,1,4,-0.3949281967900259,0.06796338982623125,0
13330982,Education,Tamika Jones,black,7,1,4,-0.3949281967900259,0.04892698300295419,0
22551979,Education,Brendan Taylor,white,11,3,4,0.3634428168624432,0.11797932401323538,1
22551979,Education,Lakisha Washington,black,11,3,4,0.3634428168624432,0.0862296666829253,0
29639533,Education,Meredith Collins,white,11,10,4,1.157962073568481,0.20163758379150945,0
29639533,Education,Marquis Thomas,black,11,10,4,1.157962073568481,0.15123472463402796,0
49285644,Education,Emily Taylor,white,8,5,4,0.19192418497611022,0.10443209328654106,0
49285644,Education,Shanice Thomas,black,8,5,4,0.19192418497611022,0.07601396465371767,0
16270906,Education,Claire Johnson,white,2,5,4,-0.6051240826285771,0.05805480427204745,0
16270906,Education,Tamika Jones,black,2,5,4,-0.6051240826285771,0.041669690010987415,0
27531694,Education,Anne Peterson,white,13,2,4,0.5156228217726667,0.13124879025340866,0
27531694,Education,Latoya Brown,black,13,2,4,0.5156228217726667,0.09631811588554554,0
74816727,Education,Molly Davis,white,6,2,4,-0.414266823766135,0.06698992142663711,0
74816727,Education,Shanice Thomas,black,6,2,4,-0.414266823766135,0.04821207671412341,0
23398843,Education,Brendan Taylor,white,2,10,4,-0.03761032783855009,0.08846293351116952,0
23398843,Education,Tanisha Harris,black,2,10,4,-0.03761032783855009,0.0640794122784668,0
31552617,Education,Allison Martin,white,7,3,4,-0.1679226948740151,0.08040932367756454,1
31552617,Education,Darnell Robinson,black,7,3,4,-0.1679226948740151,0.05810416218562204,0
19556300,Education,Carrie Stewart,white,8,9,3,0.0856177751257704,0.09674151444392391,0
19556300,Education,Kenya Davis,black,8,9,3,0.0856177751257704,0.07025198607659283,0
66683238,Education,Anne Peterson,white,7,2,4,-0.28142544583202045,0.07394577621596225,0
66683238,Education,Terrence Moore,black,7,2,4,-0.28142544583202045,0.05332959333410041,0
17311685,Education,Greg Baker,white,10,5,4,0.4576069408443393,0.1260466624035713,0
17311685,Education,Aaliyah Wilson,black,10,5,4,0.4576069408443393,0.09235330684154455,0
17481570,Education,Connor Brown,white,9,5,4,0.32476556291022474,0.11479737943708732,1
17481570,Education,Tremayne Brown,black,9,5,4,0.32476556291022474,0.08382264347533133,0
22884757,Education,Meredith Collins,white,9,1,4,-0.12924544092179674,0.08272718156102726,0
22884757,Education,Aisha Jackson,black,9,1,4,-0.12924544092179674,0.05982088316512654,0
58708773,Education,Jay Garcia,white,3,5,4,-0.47228270469446254,0.06414667354790173,0
58708773,Education,Marquis Thomas,black,3,5,4,-0.47228270469446254,0.046126413752081256,0
10527994,Education,Brett Wilson,white,5,3,4,-0.4336054507422441,0.06602940861765233,0
10527994,Education,Imani Taylor,black,5,3,4,-0.4336054507422441,0.0475070946315376,0
69532425,Education,Connor Brown,white,7,4,3,-0.614737357598371,0.057635673615589855,0
69532425,Education,Tamika Jones,black,7,4,3,-0.614737357598371,0.041363658191942654,0
20399718,Education,Allison Martin,white,10,1,4,0.003595937012317779,0.0911574518867837,0
20399718,Education,Marquis Thomas,black,10,1,4,0.003595937012317779,0.06608507083152956,0
19302310,Education,Greg Baker,white,9,1,4,-0.12924544092179674,0.08272718156102726,0
19302310,Education,Lakisha Washington,black,9,1,4,-0.12924544092179674,0.05982088316512654,0
51209395,Education,Neil Johnson,white,2,3,2,-1.9527644119093104,0.02053910079742717,0
51209395,Education,Tremayne Brown,black,2,3,2,-1.9527644119093104,0.01457836870813692,0
22632070,Education,Brett Wilson,white,11,3,4,0.3634428168624432,0.11797932401323538,0
22632070,Education,Aisha Jackson,black,11,3,4,0.3634428168624432,0.0862296666829253,0
22056333,Education,Todd Miller,white,6,2,2,-1.5349016511308575,0.028460032221944286,0
22056333,Education,Imani Taylor,black,6,2,2,-1.5349016511308575,0.020248057468266602,0
11336022,Education,Brett Martin,white,2,1,4,-1.0591350864605984,0.04110040360744677,0
11336022,Education,Precious Moore,black,2,1,4,-1.0591350864605984,0.02935131327593285,0
11616482,Education,Allison Martin,white,8,2,4,-0.1485840678979059,0.0815607502889305,0
11616482,Education,Kenya Davis,black,8,2,4,-0.1485840678979059,0.05895666590843135,0
34033933,Education,Brad Anderson,white,5,5,4,-0.20659994882623342,0.07815087475194539,1
34033933,Education,Leroy Harris,black,5,5,4,-0.20659994882623342,0.05643374996676149,0
21531811,Education,Matthew Davis,white,6,1,4,-0.5277695747241404,0.06153288764640127,0
21531811,Education,Kareem Davis,black,6,1,4,-0.5277695747241404,0.04421221080158632,0
20626794,Education,Brendan Taylor,white,6,1,2,-1.6484044020888629,0.026054016980646452,0
20626794,Education,Latoya Brown,black,6,1,2,-1.6484044020888629,0.018523047589839078,0
58665241,Education,Brett Martin,white,10,4,5,0.9044216035686952,0.1709480542822591,1
58665241,Education,Tyrone Jackson,black,10,4,5,0.9044216035686952,0.12699628751320133,0
37660306,Education,Laurie Rogers,white,7,1,4,-0.3949281967900259,0.06796338982623125,0
37660306,Education,Tremayne Brown,black,7,1,4,-0.3949281967900259,0.04892698300295419,1
13583538,Education,Sarah Mitchell,white,2,5,4,-0.6051240826285771,0.05805480427204745,0
13583538,Education,Tremayne Brown,black,2,5,4,-0.6051240826285771,0.041669690010987415,0
20230207,Education,Jay Garcia,white,9,2,4,-0.015742689963791356,0.0898838036141836,1
20230207,Education,DeShawn Wilson,black,9,2,4,-0.015742689963791356,0.06513662617081946,0
28642819,Education,Brendan Taylor,white,9,2,3,-0.5760601036461527,0.05933942486112629,0
28642819,Education,Kenya Davis,black,9,2,3,-0.5760601036461527,0.04260814569392039,0
16820422,Education,Brad Anderson,white,7,4,4,-0.05441994391600971,0.08738453299690818,1
16820422,Education,Terrence Moore,black,7,4,4,-0.05441994391600971,0.06327762282476994,0
29930479,Education,Brendan Taylor,white,10,5,4,0.4576069408443393,0.1260466624035713,0
29930479,Education,Hakim Williams,black,10,5,4,0.4576069408443393,0.09235330684154455,0
25588694,Education,Laurie Rogers,white,10,2,4,0.11709868797032316,0.09896468239023877,0
25588694,Education,Terrence Moore,black,10,2,4,0.11709868797032316,0.0719148778829216,0
86597425,Education,Geoffrey Thomas,white,8,3,4,-0.035081316939900534,0.08862621538101742,0
86597425,Education,Darnell Robinson,black,8,3,4,-0.035081316939900534,0.06420085773136805,1
10909720,Education,Emily Taylor,white,9,5,4,0.32476556291022474,0.11479737943708732,0
10909720,Education,Jamal Washington,black,9,5,4,0.32476556291022474,0.08382264347533133,0
28933005,Education,Brendan Taylor,white,12,5,4,0.7232896967125683,0.1513786721628563,0
28933005,Education,Jamal Washington,black,12,5,4,0.7232896967125683,0.11177993310044759,0
53129155,Education,Connor Brown,white,6,4,4,-0.18726132185012428,0.07927274920557537,0
53129155,Education,Kareem Davis,black,6,4,4,-0.18726132185012428,0.05726323541521913,0
11943065,Education,Sarah Mitchell,white,12,2,4,0.38278144383855217,0.11959876811878367,0
11943065,Education,DeShawn Wilson,black,12,2,4,0.38278144383855217,0.0874565116789454,0
45987048,Education,Brad Anderson,white,11,5,4,0.5904483187784538,0.138226157364125,0
45987048,Education,Rasheed Jones,black,11,5,4,0.5904483187784538,0.1016558102027449,0
99244405,Education,Neil Johnson,white,8,2,4,-0.1485840678979059,0.0815607502889305,0
99244405,Education,Leroy Harris,black,8,2,4,-0.1485840678979059,0.05895666590843135,0
32067700,Education,Brendan Taylor,white,6,3,4,-0.30076407280812967,0.072893321126107,0
32067700,Education,Shanice Thomas,black,6,3,4,-0.30076407280812967,0.0525539121268434,0
27126818,Education,Anne Peterson,white,13,4,5,1.3029457373710387,0.2209560288620664,0
27126818,Education,Keisha Williams,black,13,4,5,1.3029457373710387,0.1667326861430912,1
19786924,Education,Brett Wilson,white,10,25,4,2.727661960004447,0.46995354743134016,0
19786924,Education,Shanice Thomas,black,10,25,4,2.727661960004447,0.3848080559198723,1
70892619,Education,Todd Miller,white,5,3,3,-0.9939228644246054,0.04320641685614036,0
70892619,Education,Ebony Robinson,black,5,3,3,-0.9939228644246054,0.030874679200387906,0
25729119,Education,Meredith Collins,white,8,4,4,0.07842143401810484,0.0962396130769669,1
25729119,Education,Marquis Thomas,black,8,4,4,0.07842143401810484,0.0698768824697169,0
58105060,Education,Kristen Murphy,white,10,5,4,0.4576069408443393,0.1260466624035713,0
58105060,Education,Latoya Brown,black,10,5,4,0.4576069408443393,0.09235330684154455,0
12587973,Education,Brett Wilson,white,4,4,4,-0.4529440777183533,0.06508170714412813,0
12587973,Education,Aisha Jackson,black,4,4,4,-0.4529440777183533,0.04681191415393761,0
21611212,Education,Kristen Murphy,white,7,1,4,-0.3949281967900259,0.06796338982623125,0
21611212,Education,Kareem Davis,black,7,1,4,-0.3949281967900259,0.04892698300295419,0
21550454,Education,Jill Anderson,white,9,2,4,-0.015742689963791356,0.0898838036141836,0
21550454,Education,Leroy Harris,black,9,2,4,-0.015742689963791356,0.06513662617081946,0
86322251,Education,Molly Davis,white,12,2,4,0.38278144383855217,0.11959876811878367,0
86322251,Education,Imani Taylor,black,12,2,4,0.38278144383855217,0.0874565116789454,0
22968380,Education,Kristen Murphy,white,8,1,4,-0.26208681885591134,0.07501219747988737,0
22968380,Education,Jermaine Taylor,black,8,1,4,-0.26208681885591134,0.05411606944847314,0
10504237,Education,Meredith Collins,white,11,3,4,0.3634428168624432,0.11797932401323538,0
10504237,Education,Precious Moore,black,11,3,4,0.3634428168624432,0.0862296666829253,0
24240349,Education,Brad Anderson,white,4,16,4,0.9090889337777112,0.17147788585232185,0
24240349,Education,Leroy Harris,black,4,16,4,0.9090889337777112,0.12741083129848338,0
20478831,Education,Carrie Stewart,white,8,1,4,-0.26208681885591134,0.07501219747988737,0
20478831,Education,Lakisha Washington,black,8,1,4,-0.26208681885591134,0.05411606944847314,0
79663360,Education,Anne Peterson,white,7,5,4,0.05908280704199567,0.09490237176170062,0
79663360,Education,Imani Taylor,black,7,5,4,0.05908280704199567,0.06887803175437271,0
76196367,Education,Brett Wilson,white,10,20,4,2.16014820521442,0.36023558234943004,1
76196367,Education,Ebony Robinson,black,10,20,4,2.16014820521442,0.28430618418310083,0
27524018,Education,Claire Johnson,white,7,5,5,0.619400220724357,0.1410083387269436,0
27524018,Education,Aisha Jackson,black,7,5,5,0.619400220724357,0.10379056487139657,0
27798860,Education,Todd Miller,white,10,2,4,0.11709868797032316,0.09896468239023877,0
27798860,Education,Tyrone Jackson,black,10,2,4,0.11709868797032316,0.0719148778829216,0
23617240,Healthcare,Matthew Davis,white,8,5,4,0.22665623209512245,0.10705948258396425,0
23617240,Healthcare,Kenya Davis,black,8,5,4,0.22665623209512245,0.07798864846660854,0
23138078,Healthcare,Brendan Taylor,white,7,2,4,-0.13369769990512378,0.08245730093353634,0
23138078,Healthcare,Tyrone Jackson,black,7,2,4,-0.13369769990512378,0.05962087257083663,0
51777546,Healthcare,Brendan Taylor,white,3,1,4,-0.8055257270487568,0.04988413404475423,0
51777546,Healthcare,Terrence Moore,black,3,1,4,-0.8055257270487568,0.03571762804367379,0
69199666,Healthcare,Jill Anderson,white,5,1,4,-0.50459297260682,0.06261232811296348,0
69199666,Healthcare,Precious Moore,black,5,1,4,-0.50459297260682,0.0450023737936259,0
93988900,Healthcare,Sarah Mitchell,white,10,1,4,0.24773891349802227,0.10868256644168778,0
93988900,Healthcare,Tamika Jones,black,10,1,4,0.24773891349802227,0.07921009752637478,0
41910253,Healthcare,Claire Johnson,white,5,2,3,-1.0090688328365525,0.0427082771944501,0
41910253,Healthcare,DeShawn Wilson,black,5,2,3,-1.0090688328365525,0.03051418151493156,0
28670024,Healthcare,Emily Walsh,white,7,1,4,-0.20366021816488306,0.07832047328706651,0
28670024,Healthcare,Kenya Davis,black,7,1,4,-0.20366021816488306,0.05655911081359816,0
36625776,Healthcare,Kristen Murphy,white,6,1,4,-0.35412659538585145,0.07006041771156438,0
36625776,Healthcare,Jermaine Taylor,black,6,1,4,-0.35412659538585145,0.05046844307265459,0
96260484,Healthcare,Meredith Collins,white,7,3,4,-0.06373518164536453,0.08679205672467569,0
96260484,Healthcare,Keisha Williams,black,7,3,4,-0.06373518164536453,0.06283733989869478,0
11378657,Healthcare,Jill Anderson,white,6,1,4,-0.35412659538585145,0.07006041771156438,0
11378657,Healthcare,Tanisha Harris,black,6,1,4,-0.35412659538585145,0.05046844307265459,0
34962725,Healthcare,Brett Wilson,white,11,5,4,0.6780553637580278,0.14678832697203598,0
34962725,Healthcare,Aaliyah Wilson,black,11,5,4,0.6780553637580278,0.10823721124072712,1
18365443,Healthcare,Brett Wilson,white,6,2,4,-0.2841640771260922,0.07379588783507116,0
18365443,Healthcare,Precious Moore,black,6,2,4,-0.2841640771260922,0.05321909247491482,0
26125407,Healthcare,Allison Martin,white,10,3,4,0.3876639500175408,0.12001066201803978,0
26125407,Healthcare,Tamika Jones,black,10,3,4,0.3876639500175408,0.08776874434840624,0
54934269,Healthcare,Molly Davis,white,6,4,4,-0.1442390406065737,0.08182151321635792,0
54934269,Healthcare,Tremayne Brown,black,6,4,4,-0.1442390406065737,0.059149814218783986,0
37374340,Healthcare,Anne Peterson,white,6,20,4,0.9751612515495746,0.17911847112527962,0
37374340,Healthcare,Aisha Jackson,black,6,20,4,0.9751612515495746,0.13340406235397684,0
25328428,Healthcare,Jay Garcia,white,12,2,4,0.6186341861997184,0.14093412631844213,0
25328428,Healthcare,Tanisha Harris,black,12,2,4,0.6186341861997184,0.10373357466015361,0
56520872,Healthcare,Matthew Davis,white,11,5,4,0.6780553637580278,0.14678832697203598,0
56520872,Healthcare,Aisha Jackson,black,11,5,4,0.6780553637580278,0.10823721124072712,0
23944036,Healthcare,Emily Walsh,white,8,2,4,0.016768677315844676,0.09203428731988327,1
23944036,Healthcare,Tanisha Harris,black,8,2,4,0.016768677315844676,0.06673844686581344,0
19090468,Healthcare,Molly Davis,white,4,5,4,-0.37520927678875127,0.06896949199884425,0
19090468,Healthcare,Darnell Robinson,black,4,5,4,-0.37520927678875127,0.04966629492828255,0
16132195,Healthcare,Matthew Davis,white,9,5,4,0.37712260931609093,0.11912291126084765,1
16132195,Healthcare,Tanisha Harris,black,9,5,4,0.37712260931609093,0.08709589017094874,0
27030979,Healthcare,Matthew Davis,white,5,4,4,-0.2947054178275421,0.0732215545419085,0
27030979,Healthcare,Imani Taylor,black,5,4,4,-0.2947054178275421,0.052795774220165195,0
17960690,Healthcare,Neil Johnson,white,10,15,4,1.2272141691346523,0.21070368015063967,1
17960690,Healthcare,Marquis Thomas,black,10,15,4,1.2272141691346523,0.1584844645409749,0
17624934,Healthcare,Brendan Taylor,white,8,2,4,0.016768677315844676,0.09203428731988327,0
17624934,Healthcare,Imani Taylor,black,8,2,4,0.016768677315844676,0.06673844686581344,0
22008817,Healthcare,Carrie Stewart,white,6,4,4,-0.1442390406065737,0.08182151321635792,0
22008817,Healthcare,Tyrone Jackson,black,6,4,4,-0.1442390406065737,0.059149814218783986,0
20835760,Healthcare,Todd Miller,white,4,4,4,-0.44517179504851057,0.06546106212866193,0
20835760,Healthcare,Tyrone Jackson,black,4,4,4,-0.44517179504851057,0.047090140132157565,0
87520378,Healthcare,Todd Miller,white,6,2,4,-0.2841640771260922,0.07379588783507116,0
87520378,Healthcare,Tanisha Harris,black,6,2,4,-0.2841640771260922,0.05321909247491482,0
58879993,Healthcare,Brett Wilson,white,6,1,4,-0.35412659538585145,0.07006041771156438,0
58879993,Healthcare,Shanice Thomas,black,6,1,4,-0.35412659538585145,0.05046844307265459,0
64471954,Healthcare,Molly Davis,white,4,1,4,-0.6550593498277885,0.055908437780145426,0
64471954,Healthcare,Marquis Thomas,black,4,1,4,-0.6550593498277885,0.04010331278252366,0
18714571,Healthcare,Brendan Taylor,white,5,4,4,-0.2947054178275421,0.0732215545419085,0
18714571,Healthcare,Tamika Jones,black,5,4,4,-0.2947054178275421,0.052795774220165195,0
20748468,Healthcare,Greg Baker,white,5,3,4,-0.36466793608730136,0.06951297465768404,0
20748468,Healthcare,Latoya Brown,black,5,3,4,-0.36466793608730136,0.05006584720316253,0
98300955,Healthcare,Laurie Rogers,white,5,8,4,-0.014855344788505049,0.08994189173160275,0
98300955,Healthcare,Tamika Jones,black,5,8,4,-0.014855344788505049,0.06517986660572292,0
11653906,Healthcare,Matthew Davis,white,2,4,4,-0.7461045494904475,0.052186000924945804,0
11653906,Healthcare,Imani Taylor,black,2,4,4,-0.7461045494904475,0.03739151814895504,0
10466208,Healthcare,Brett Wilson,white,2,4,4,-0.7461045494904475,0.052186000924945804,0
10466208,Healthcare,Tanisha Harris,black,2,4,4,-0.7461045494904475,0.03739151814895504,0
13352113,Healthcare,Connor Brown,white,3,4,4,-0.595638172269479,0.05847118411622428,0
13352113,Healthcare,Imani Taylor,black,3,4,4,-0.595638172269479,0.041973789420986604,0
20110597,Healthcare,Anne Peterson,white,4,1,4,-0.6550593498277885,0.055908437780145426,0
20110597,Healthcare,Shanice Thomas,black,4,1,4,-0.6550593498277885,0.04010331278252366,0
20211577,Healthcare,Greg Baker,white,6,1,4,-0.35412659538585145,0.07006041771156438,0
20211577,Healthcare,Jermaine Taylor,black,6,1,4,-0.35412659538585145,0.05046844307265459,0
12315079,Healthcare,Jill Anderson,white,6,1,1,-2.077441730854327,0.018625660547113815,0
12315079,Healthcare,Jermaine Taylor,black,6,1,1,-2.077441730854327,0.013212744386387797,0
10480456,Healthcare,Connor Brown,white,7,4,5,0.5806657151038865,0.1372965535216855,0
10480456,Healthcare,Darnell Robinson,black,7,4,5,0.5806657151038865,0.10094334212621096,0
75297735,Healthcare,Sarah Mitchell,white,5,25,4,1.1745074656274026,0.20377678074715172,0
75297735,Healthcare,Keisha Williams,black,5,25,4,1.1745074656274026,0.15294162946411488,1
49325370,Healthcare,Brett Martin,white,9,3,4,0.23719757279657233,0.10786834086122937,0
49325370,Healthcare,Hakim Williams,black,9,3,4,0.23719757279657233,0.07859720266515317,0
21866029,Healthcare,Emily Taylor,white,3,9,4,-0.24582558097068266,0.07591983628406698,0
21866029,Healthcare,Ebony Robinson,black,3,9,4,-0.24582558097068266,0.05478584298177583,0
14667957,Healthcare,Jay Garcia,white,9,1,4,0.09727253627705383,0.09755932200602749,0
14667957,Healthcare,Darnell Robinson,black,9,1,4,0.09727253627705383,0.07086343155373119,0
10062724,Healthcare,Connor Brown,white,8,2,4,0.016768677315844676,0.09203428731988327,0
10062724,Healthcare,Tamika Jones,black,8,2,4,0.016768677315844676,0.06673844686581344,1
43994605,Healthcare,Connor Brown,white,10,15,4,1.2272141691346523,0.21070368015063967,0
43994605,Healthcare,Darnell Robinson,black,10,15,4,1.2272141691346523,0.1584844645409749,1
23814777,Healthcare,Neil Johnson,white,9,2,4,0.1672350545368131,0.10259921203407339,0
23814777,Healthcare,Latoya Brown,black,9,2,4,0.1672350545368131,0.07463828025041859,0
28745844,Healthcare,Jay Garcia,white,7,2,1,-1.8570128353735993,0.022138050570091772,0
28745844,Healthcare,Tanisha Harris,black,7,2,1,-1.8570128353735993,0.01572072904813387,0
17864043,Healthcare,Laurie Rogers,white,3,5,4,-0.5256756540097197,0.0616296921530382,0
17864043,Healthcare,Kenya Davis,black,3,5,4,-0.5256756540097197,0.04428305194167264,0
16121387,Healthcare,Jill Anderson,white,8,4,4,0.15669371383536318,0.10182535502231294,0
16121387,Healthcare,Imani Taylor,black,8,4,4,0.15669371383536318,0.07405791506349775,0
10076271,Healthcare,Allison Martin,white,6,2,4,-0.2841640771260922,0.07379588783507116,0
10076271,Healthcare,Tamika Jones,black,6,2,4,-0.2841640771260922,0.05321909247491482,0
80876647,Healthcare,Brad Anderson,white,8,4,4,0.15669371383536318,0.10182535502231294,0
80876647,Healthcare,Kenya Davis,black,8,4,4,0.15669371383536318,0.07405791506349775,0
36861863,Healthcare,Emily Taylor,white,4,2,3,-1.159535210057521,0.038049006607271015,0
36861863,Healthcare,Aaliyah Wilson,black,4,2,3,-1.159535210057521,0.027147502935065824,0
24025053,Healthcare,Neil Johnson,white,8,3,4,0.08673119557560392,0.09681937726040676,0
24025053,Healthcare,Jamal Washington,black,8,3,4,0.08673119557560392,0.07031018826227266,0
17545780,Healthcare,Geoffrey Thomas,white,9,4,4,0.30716009105633163,0.11337388637504109,0
17545780,Healthcare,Terrence Moore,black,9,4,4,0.30716009105633163,0.08274733468149606,0
95011061,Healthcare,Claire Johnson,white,6,2,4,-0.2841640771260922,0.07379588783507116,0
95011061,Healthcare,Jermaine Taylor,black,6,2,4,-0.2841640771260922,0.05321909247491482,0
13565152,Healthcare,Matthew Davis,white,12,1,4,0.5486716679399591,0.13429294256011587,0
13565152,Healthcare,Marquis Thomas,black,12,1,4,0.5486716679399591,0.09864408744892955,0
75744306,Healthcare,Brad Anderson,white,4,4,4,-0.44517179504851057,0.06546106212866193,0
75744306,Healthcare,Rasheed Jones,black,4,4,4,-0.44517179504851057,0.047090140132157565,0
26908066,Healthcare,Brendan Taylor,white,4,5,4,-0.37520927678875127,0.06896949199884425,0
26908066,Healthcare,Latoya Brown,black,4,5,4,-0.37520927678875127,0.04966629492828255,0
11704150,Healthcare,Emily Taylor,white,7,1,4,-0.20366021816488306,0.07832047328706651,0
11704150,Healthcare,Lakisha Washington,black,7,1,4,-0.20366021816488306,0.05655911081359816,0
27917969,Healthcare,Todd Miller,white,4,1,4,-0.6550593498277885,0.055908437780145426,0
27917969,Healthcare,Hakim Williams,black,4,1,4,-0.6550593498277885,0.04010331278252366,0
12613221,Healthcare,Molly Davis,white,7,5,4,0.07618985487415401,0.09608444713550485,0
12613221,Healthcare,Precious Moore,black,7,5,4,0.07618985487415401,0.06976093994165457,0
15680735,Healthcare,Brad Anderson,white,8,1,4,-0.05319384094391459,0.08746278853792028,0
15680735,Healthcare,Tyrone Jackson,black,8,1,4,-0.05319384094391459,0.06333578813220984,0
13575312,Healthcare,Molly Davis,white,3,20,4,0.5237621198866693,0.13199302539786756,0
13575312,Healthcare,Keisha Williams,black,3,20,4,0.5237621198866693,0.09688636926388544,0
15636923,Healthcare,Brett Martin,white,7,4,4,0.00622733661439474,0.09133200652795762,0
15636923,Healthcare,Lakisha Washington,black,7,4,4,0.00622733661439474,0.06621511299717125,0
14062078,Healthcare,Anne Peterson,white,9,8,4,0.5870101640953687,0.13789884174445818,1
14062078,Healthcare,Aisha Jackson,black,9,8,4,0.5870101640953687,0.10140490219730205,0
37001381,Healthcare,Matthew Davis,white,7,16,4,0.845777555731506,0.16440126783630823,0
37001381,Healthcare,Rasheed Jones,black,7,16,4,0.845777555731506,0.1218852562825869,0
32219038,Healthcare,Connor Brown,white,7,1,4,-0.20366021816488306,0.07832047328706651,1
32219038,Healthcare,Jermaine Taylor,black,7,1,4,-0.20366021816488306,0.05655911081359816,1
10251432,Healthcare,Molly Davis,white,3,15,4,0.17394952858787308,0.10309484419387765,0
10251432,Healthcare,DeShawn Wilson,black,3,15,4,0.17394952858787308,0.07501013003422005,0
28423028,Healthcare,Sarah Mitchell,white,10,2,4,0.3177014317577816,0.11422434876911344,0
28423028,Healthcare,Kenya Davis,black,10,2,4,0.3177014317577816,0.08338966305583084,0
46349752,Healthcare,Todd Miller,white,12,2,4,0.6186341861997184,0.14093412631844213,0
46349752,Healthcare,Leroy Harris,black,12,2,4,0.6186341861997184,0.10373357466015361,0
26958533,Healthcare,Brendan Taylor,white,4,4,4,-0.44517179504851057,0.06546106212866193,0
26958533,Healthcare,Rasheed Jones,black,4,4,4,-0.44517179504851057,0.047090140132157565,0
23110214,Healthcare,Jill Anderson,white,10,4,4,0.4576264682773001,0.12604838331007273,0
23110214,Healthcare,Leroy Harris,black,10,4,4,0.4576264682773001,0.09235461634662744,0
17963031,Healthcare,Emily Taylor,white,7,20,4,1.1256276287705431,0.1975055491122284,0
17963031,Healthcare,Tyrone Jackson,black,7,20,4,1.1256276287705431,0.1479441631433514,0
60624892,Healthcare,Neil Johnson,white,8,4,4,0.15669371383536318,0.10182535502231294,0
60624892,Healthcare,Aisha Jackson,black,8,4,4,0.15669371383536318,0.07405791506349775,0
23918545,Healthcare,Emily Taylor,white,9,3,4,0.23719757279657233,0.10786834086122937,0
23918545,Healthcare,Tanisha Harris,black,9,3,4,0.23719757279657233,0.07859720266515317,0
20172393,Healthcare,Carrie Stewart,white,6,2,4,-0.2841640771260922,0.07379588783507116,0
20172393,Healthcare,Kenya Davis,black,6,2,4,-0.2841640771260922,0.05321909247491482,0
39082090,Healthcare,Meredith Collins,white,6,4,4,-0.1442390406065737,0.08182151321635792,0
39082090,Healthcare,Tanisha Harris,black,6,4,4,-0.1442390406065737,0.059149814218783986,0
98309114,Healthcare,Neil Johnson,white,10,20,4,1.5770267604334485,0.260988149586883,1
98309114,Healthcare,Tremayne Brown,black,10,20,4,1.5770267604334485,0.19945600110128195,0
16702198,Healthcare,Kristen Murphy,white,6,25,4,1.324973842848371,0.224004376937688,0
16702198,Healthcare,Darnell Robinson,black,6,25,4,1.324973842848371,0.16919542890929037,0
45907524,Healthcare,Connor Brown,white,8,1,4,-0.05319384094391459,0.08746278853792028,0
45907524,Healthcare,Tanisha Harris,black,8,1,4,-0.05319384094391459,0.06333578813220984,0
12333703,Healthcare,Brett Wilson,white,4,2,4,-0.5850968315680292,0.058937176532058454,0
12333703,Healthcare,Jermaine Taylor,black,4,2,4,-0.5850968315680292,0.04231421294567258,0
15499825,Healthcare,Emily Taylor,white,8,4,4,0.15669371383536318,0.10182535502231294,1
15499825,Healthcare,Imani Taylor,black,8,4,4,0.15669371383536318,0.07405791506349775,0
85417107,Healthcare,Sarah Mitchell,white,6,1,4,-0.35412659538585145,0.07006041771156438,0
85417107,Healthcare,Ebony Robinson,black,6,1,4,-0.35412659538585145,0.05046844307265459,0
33750209,Healthcare,Kristen Murphy,white,6,7,4,0.06564851417270412,0.09535450669517309,1
33750209,Healthcare,Imani Taylor,black,6,7,4,0.06564851417270412,0.0692156627955298,0
24548333,Healthcare,Todd Williams,white,4,4,4,-0.44517179504851057,0.06546106212866193,0
24548333,Healthcare,Leroy Harris,black,4,4,4,-0.44517179504851057,0.047090140132157565,0
16356151,Healthcare,Jay Garcia,white,11,20,4,1.727493137654417,0.28486298317643666,0
16356151,Healthcare,Lakisha Washington,black,11,20,4,1.727493137654417,0.21937286955737878,1
20736486,Healthcare,Jill Anderson,white,8,21,4,1.346056524251271,0.2269497995642852,1
20736486,Healthcare,Leroy Harris,black,8,21,4,1.346056524251271,0.1715795201371989,0
18784594,Healthcare,Brad Anderson,white,6,3,4,-0.214201558866333,0.07771388100383986,0
18784594,Healthcare,Tremayne Brown,black,6,3,4,-0.214201558866333,0.05611079970961363,0
85421438,Healthcare,Todd Williams,white,3,4,4,-0.595638172269479,0.05847118411622428,0
85421438,Healthcare,Tremayne Brown,black,3,4,4,-0.595638172269479,0.041973789420986604,0
33803142,Healthcare,Brendan Taylor,white,7,3,4,-0.06373518164536453,0.08679205672467569,0
33803142,Healthcare,Terrence Moore,black,7,3,4,-0.06373518164536453,0.06283733989869478,0
47996197,Healthcare,Todd Williams,white,3,10,4,-0.17586306271092336,0.0799408619582982,0
47996197,Healthcare,DeShawn Wilson,black,3,10,4,-0.17586306271092336,0.05775748768878285,0
11605833,Healthcare,Brett Wilson,white,6,4,4,-0.1442390406065737,0.08182151321635792,0
11605833,Healthcare,Jamal Washington,black,6,4,4,-0.1442390406065737,0.059149814218783986,0
25451319,Healthcare,Carrie Stewart,white,6,5,4,-0.07427652234681442,0.08612598313274118,0
25451319,Healthcare,Shanice Thomas,black,6,5,4,-0.07427652234681442,0.062342553327179875,0
91478356,Healthcare,Anne Peterson,white,8,4,4,0.15669371383536318,0.10182535502231294,0
91478356,Healthcare,Rasheed Jones,black,8,4,4,0.15669371383536318,0.07405791506349775,0
29134372,Healthcare,Brendan Taylor,white,5,2,4,-0.43463045434706066,0.06597885742047481,1
29134372,Healthcare,Lakisha Washington,black,5,2,4,-0.43463045434706066,0.047470003125872136,0
35579812,Healthcare,Laurie Rogers,white,5,2,4,-0.43463045434706066,0.06597885742047481,0
35579812,Healthcare,Aaliyah Wilson,black,5,2,4,-0.43463045434706066,0.047470003125872136,0
12938200,Healthcare,Jay Garcia,white,9,3,4,0.23719757279657233,0.10786834086122937,0
12938200,Healthcare,Keisha Williams,black,9,3,4,0.23719757279657233,0.07859720266515317,0
31926950,Healthcare,Laurie Rogers,white,4,2,4,-0.5850968315680292,0.058937176532058454,0
31926950,Healthcare,Imani Taylor,black,4,2,4,-0.5850968315680292,0.04231421294567258,0
32563518,Healthcare,Connor Brown,white,7,1,4,-0.20366021816488306,0.07832047328706651,0
32563518,Healthcare,Tyrone Jackson,black,7,1,4,-0.20366021816488306,0.05655911081359816,0
29992154,Healthcare,Emily Walsh,white,6,5,4,-0.07427652234681442,0.08612598313274118,0
29992154,Healthcare,Shanice Thomas,black,6,5,4,-0.07427652234681442,0.062342553327179875,0
25974844,Healthcare,Greg Baker,white,8,5,4,0.22665623209512245,0.10705948258396425,0
25974844,Healthcare,Tanisha Harris,black,8,5,4,0.22665623209512245,0.07798864846660854,0
18129173,Healthcare,Brad Anderson,white,6,1,4,-0.35412659538585145,0.07006041771156438,0
18129173,Healthcare,Aisha Jackson,black,6,1,4,-0.35412659538585145,0.05046844307265459,0
26585242,Healthcare,Todd Miller,white,6,3,4,-0.214201558866333,0.07771388100383986,0
26585242,Healthcare,DeShawn Wilson,black,6,3,4,-0.214201558866333,0.05611079970961363,0
26695839,Healthcare,Sarah Mitchell,white,7,1,4,-0.20366021816488306,0.07832047328706651,0
26695839,Healthcare,Tanisha Harris,black,7,1,4,-0.20366021816488306,0.05655911081359816,1
10568183,Healthcare,Sarah Mitchell,white,8,1,4,-0.05319384094391459,0.08746278853792028,1
10568183,Healthcare,Lakisha Washington,black,8,1,4,-0.05319384094391459,0.06333578813220984,0
24550866,Healthcare,Claire Johnson,white,6,5,4,-0.07427652234681442,0.08612598313274118,0
24550866,Healthcare,Precious Moore,black,6,5,4,-0.07427652234681442,0.062342553327179875,0
34594746,Healthcare,Anne Peterson,white,5,4,4,-0.2947054178275421,0.0732215545419085,0
34594746,Healthcare,Jermaine Taylor,black,5,4,4,-0.2947054178275421,0.052795774220165195,0
25834360,Healthcare,Brett Wilson,white,10,25,4,1.9268393517322449,0.318431607932372,1
25834360,Healthcare,Lakisha Washington,black,10,25,4,1.9268393517322449,0.24789927263565584,0
27090089,Healthcare,Brad Anderson,white,6,5,5,0.5001618561426774,0.129844892406049,1
27090089,Healthcare,DeShawn Wilson,black,6,5,5,0.5001618561426774,0.09524688869140843,0
35422305,Healthcare,Geoffrey Thomas,white,8,5,4,0.22665623209512245,0.10705948258396425,1
35422305,Healthcare,Kenya Davis,black,8,5,4,0.22665623209512245,0.07798864846660854,0
18484846,Healthcare,Meredith Collins,white,9,2,4,0.1672350545368131,0.10259921203407339,0
18484846,Healthcare,Aaliyah Wilson,black,9,2,4,0.1672350545368131,0.07463828025041859,0
18949843,Healthcare,Connor Brown,white,9,1,4,0.09727253627705383,0.09755932200602749,0
18949843,Healthcare,Tyrone Jackson,black,9,1,4,0.09727253627705383,0.07086343155373119,0
17539842,Healthcare,Anne Peterson,white,8,5,4,0.22665623209512245,0.10705948258396425,0
17539842,Healthcare,Darnell Robinson,black,8,5,4,0.22665623209512245,0.07798864846660854,0
36868767,Healthcare,Jay Garcia,white,4,1,4,-0.6550593498277885,0.055908437780145426,0
36868767,Healthcare,Tanisha Harris,black,4,1,4,-0.6550593498277885,0.04010331278252366,0
97169343,Healthcare,Sarah Mitchell,white,8,2,4,0.016768677315844676,0.09203428731988327,0
97169343,Healthcare,Lakisha Washington,black,8,2,4,0.016768677315844676,0.06673844686581344,0
31395710,Healthcare,Kristen Murphy,white,11,1,4,0.39820529071899075,0.12090412058689785,0
31395710,Healthcare,Tyrone Jackson,black,11,1,4,0.39820529071899075,0.08844629300617189,0
13837784,Marketing,Emily Walsh,white,12,5,4,0.5974318881280025,0.13889300792824555,0
13837784,Marketing,Jermaine Taylor,black,12,5,4,0.5974318881280025,0.10216714914663237,0
16509761,Marketing,Molly Davis,white,5,1,3,-1.0309998771975204,0.04199669656481042,0
16509761,Marketing,DeShawn Wilson,black,5,1,3,-1.0309998771975204,0.02999940493054657,0
29915354,Marketing,Jay Garcia,white,3,2,4,-0.5157513016995552,0.062090445284888045,0
29915354,Marketing,DeShawn Wilson,black,3,2,4,-0.5157513016995552,0.04462028558725728,0
82929064,Marketing,Geoffrey Thomas,white,8,4,4,0.13204679755209164,0.10003615456735143,0
82929064,Marketing,Tyrone Jackson,black,8,4,4,0.13204679755209164,0.07271712208726545,0
10515955,Marketing,Kristen Murphy,white,4,1,4,-0.5095162557751746,0.06238155999207432,1
10515955,Marketing,Precious Moore,black,4,1,4,-0.5095162557751746,0.04483340583041274,0
14945250,Marketing,Brett Wilson,white,6,5,4,0.03148772432765271,0.09302301130799363,0
14945250,Marketing,Keisha Williams,black,6,5,4,0.03148772432765271,0.06747561311401579,0
28609364,Marketing,Kristen Murphy,white,5,2,4,-0.3271032470994386,0.07148207545075115,0
28609364,Marketing,Tremayne Brown,black,5,2,4,-0.3271032470994386,0.051514565739646426,0
19861776,Marketing,Connor Brown,white,6,5,4,0.03148772432765271,0.09302301130799363,0
19861776,Marketing,Marquis Thomas,black,6,5,4,0.03148772432765271,0.06747561311401579,0
14036515,Marketing,Molly Davis,white,0,5,4,-0.5344564394726972,0.06122469635051548,0
14036515,Marketing,Precious Moore,black,0,5,4,-0.5344564394726972,0.0439867050721738,0
11005406,Marketing,Brendan Taylor,white,1,1,4,-0.7924883376753494,0.05038079422908229,0
11005406,Marketing,Kareem Davis,black,1,1,4,-0.7924883376753494,0.03607859849414627,0
17132168,Marketing,Brett Wilson,white,6,5,4,0.03148772432765271,0.09302301130799363,0
17132168,Marketing,Hakim Williams,black,6,5,4,0.03148772432765271,0.06747561311401579,0
15353911,Marketing,Neil Johnson,white,1,1,4,-0.7924883376753494,0.05038079422908229,0
15353911,Marketing,Tremayne Brown,black,1,1,4,-0.7924883376753494,0.03607859849414627,0
18501746,Marketing,Geoffrey Thomas,white,6,4,4,-0.05660125704802495,0.08724546804476145,0
18501746,Marketing,Kenya Davis,black,6,4,4,-0.05660125704802495,0.06317426625425848,0
26341987,Marketing,Brendan Taylor,white,3,20,4,1.0698503630626426,0.19052845432652707,0
26341987,Marketing,Precious Moore,black,3,20,4,1.0698503630626426,0.1424071863602872,0
27419236,Marketing,Todd Miller,white,7,5,4,0.12581175162771102,0.09958798204387917,0
27419236,Marketing,Rasheed Jones,black,7,5,4,0.12581175162771102,0.07238149806309974,0
13328680,Marketing,Allison Martin,white,11,5,4,0.5031078608279442,0.1301114087211572,0
13328680,Marketing,Ebony Robinson,black,11,5,4,0.5031078608279442,0.09545017989342758,0
17584743,Marketing,Meredith Collins,white,8,5,4,0.2201357789277693,0.10656183123818048,1
17584743,Marketing,Latoya Brown,black,8,5,4,0.2201357789277693,0.07761438325835968,0
14761906,Marketing,Sarah Mitchell,white,2,3,4,-0.5219863476239358,0.06180059957211414,0
14761906,Marketing,Aisha Jackson,black,2,3,4,-0.5219863476239358,0.04440813133217521,0
31162167,Marketing,Emily Taylor,white,8,5,4,0.2201357789277693,0.10656183123818048,0
31162167,Marketing,Latoya Brown,black,8,5,4,0.2201357789277693,0.07761438325835968,0
15226699,Marketing,Allison Martin,white,1,3,4,-0.6163103749239942,0.05756736240972163,1
15226699,Marketing,Precious Moore,black,1,3,4,-0.6163103749239942,0.041313787466826256,0
25525152,Marketing,Jill Anderson,white,2,2,3,-1.2258829777220177,0.036153205275759555,0
25525152,Marketing,DeShawn Wilson,black,2,2,3,-1.2258829777220177,0.025780314791722492,0
13343786,Marketing,Allison Martin,white,3,3,4,-0.4276623203238775,0.0663232223222213,0
13343786,Marketing,DeShawn Wilson,black,3,3,4,-0.4276623203238775,0.04772270020701753,0
15484097,Marketing,Brendan Taylor,white,1,2,4,-0.7043993562996719,0.05386115243764366,0
15484097,Marketing,Aisha Jackson,black,1,2,4,-0.7043993562996719,0.03861111809228837,0
25723793,Marketing,Todd Miller,white,6,3,4,-0.1446902384237026,0.08179439968766493,0
25723793,Marketing,Ebony Robinson,black,6,3,4,-0.1446902384237026,0.059129729686207264,0
19444529,Marketing,Meredith Collins,white,9,4,4,0.22637082485214993,0.10703765711004926,0
19444529,Marketing,Precious Moore,black,9,4,4,0.22637082485214993,0.07797223195823075,0
33893326,Marketing,Todd Williams,white,11,2,4,0.23884091670091123,0.10799492091640851,0
33893326,Marketing,Terrence Moore,black,11,2,4,0.23884091670091123,0.07869246378173064,0
18442517,Marketing,Sarah Mitchell,white,3,3,3,-1.0434699690462819,0.04159715829322232,0
18442517,Marketing,Leroy Harris,black,3,3,3,-1.0434699690462819,0.029710463943985656,0
40883703,Marketing,Connor Brown,white,8,12,4,0.8367586485575129,0.16341249930648294,0
40883703,Marketing,Keisha Williams,black,8,12,4,0.8367586485575129,0.1211151312081314,0
27981289,Marketing,Todd Miller,white,8,4,4,0.13204679755209164,0.10003615456735143,0
27981289,Marketing,Jermaine Taylor,black,8,4,4,0.13204679755209164,0.07271712208726545,0
18900722,Marketing,Meredith Collins,white,7,3,4,-0.05036621112364431,0.08764350250978133,0
18900722,Marketing,Aisha Jackson,black,7,3,4,-0.05036621112364431,0.06347011864115405,1
28109594,Marketing,Greg Baker,white,7,1,4,-0.22654417387499964,0.0770091054739497,0
28109594,Marketing,Leroy Harris,black,7,1,4,-0.22654417387499964,0.05559013064197603,1
31929166,Marketing,Connor Brown,white,4,1,4,-0.5095162557751746,0.06238155999207432,0
31929166,Marketing,Jermaine Taylor,black,4,1,4,-0.5095162557751746,0.04483340583041274,0
24574164,Marketing,Todd Miller,white,8,4,4,0.13204679755209164,0.10003615456735143,0
24574164,Marketing,Precious Moore,black,8,4,4,0.13204679755209164,0.07271712208726545,0
23085604,Marketing,Todd Miller,white,8,20,4,1.5414704995629342,0.25553927848693625,0
23085604,Marketing,Kenya Davis,black,8,20,4,1.5414704995629342,0.19495289314946398,0
27080812,Marketing,Jill Anderson,white,7,5,4,0.12581175162771102,0.09958798204387917,0
27080812,Marketing,Keisha Williams,black,7,5,4,0.12581175162771102,0.07238149806309974,0
14209965,Marketing,Emily Walsh,white,6,5,4,0.03148772432765271,0.09302301130799363,0
14209965,Marketing,Aisha Jackson,black,6,5,4,0.03148772432765271,0.06747561311401579,0
20330739,Marketing,Sarah Mitchell,white,8,1,4,-0.1322201465749413,0.08254677617945508,0
20330739,Marketing,Tamika Jones,black,8,1,4,-0.1322201465749413,0.0596871797480458,0
37739183,Marketing,Molly Davis,white,5,1,4,-0.4151922284751163,0.06694366433991902,0
37739183,Marketing,Leroy Harris,black,5,1,4,-0.4151922284751163,0.0481781163398998,0
14771530,Marketing,Meredith Collins,white,1,5,4,-0.4401324121726389,0.06570812568400734,0
14771530,Marketing,Latoya Brown,black,1,5,4,-0.4401324121726389,0.04727137521226495,0
62700506,Marketing,Allison Martin,white,7,2,4,-0.13845519249932198,0.08216980390156171,0
62700506,Marketing,Tremayne Brown,black,7,2,4,-0.13845519249932198,0.0594078421672195,0
34319869,Marketing,Matthew Davis,white,4,5,4,-0.1571603302724639,0.08104827496571196,0
34319869,Marketing,Kenya Davis,black,4,5,4,-0.1571603302724639,0.058577161614807395,0
30999638,Marketing,Carrie Stewart,white,3,3,4,-0.4276623203238775,0.0663232223222213,0
30999638,Marketing,Keisha Williams,black,3,3,4,-0.4276623203238775,0.04772270020701753,0
11677012,Marketing,Brendan Taylor,white,3,2,4,-0.5157513016995552,0.062090445284888045,0
11677012,Marketing,Leroy Harris,black,3,2,4,-0.5157513016995552,0.04462028558725728,0
18525641,Marketing,Meredith Collins,white,9,9,4,0.6668157317305382,0.14566576493887493,0
18525641,Marketing,Darnell Robinson,black,9,9,4,0.6668157317305382,0.10737236691501396,0
91539554,Marketing,Matthew Davis,white,0,3,4,-0.7106344022240525,0.053607526377839484,0
91539554,Marketing,Aaliyah Wilson,black,0,3,4,-0.7106344022240525,0.038426386203392414,0
13503650,Marketing,Todd Miller,white,0,1,4,-0.8868123649754077,0.04689069872648094,0
13503650,Marketing,Keisha Williams,black,0,1,4,-0.8868123649754077,0.033544279881603446,0
23864858,Marketing,Allison Martin,white,11,2,4,0.23884091670091123,0.10799492091640851,0
23864858,Marketing,Rasheed Jones,black,11,2,4,0.23884091670091123,0.07869246378173064,0
24658786,Marketing,Greg Baker,white,15,17,4,1.9374717465363092,0.3202805159928723,1
24658786,Marketing,Kareem Davis,black,15,17,4,1.9374717465363092,0.24948855841306083,1
39166680,Marketing,Claire Johnson,white,10,3,4,0.23260587077653067,0.10751535198416778,0
39166680,Marketing,Aisha Jackson,black,10,3,4,0.23260587077653067,0.07833159044064746,0
25038571,Marketing,Meredith Collins,white,8,3,4,0.04395781617641399,0.09386811407633536,0
25038571,Marketing,Keisha Williams,black,8,3,4,0.04395781617641399,0.06810604917823244,0
33542483,Marketing,Kristen Murphy,white,9,2,4,0.050192862100794614,0.09429324131641027,0
33542483,Marketing,Kenya Davis,black,9,2,4,0.050192862100794614,0.06842331079465225,0
58915642,Marketing,Geoffrey Thomas,white,4,4,3,-0.8610569603705458,0.047820191227463164,0
58915642,Marketing,Marquis Thomas,black,4,4,3,-0.8610569603705458,0.034218710810269934,0
18927233,Marketing,Connor Brown,white,9,5,4,0.3144598062278276,0.11396222841165368,0
18927233,Marketing,Jermaine Taylor,black,9,5,4,0.3144598062278276,0.08319165602979539,0
16893572,Marketing,Emily Walsh,white,12,3,4,0.42125392537664724,0.12287766350140708,0
16893572,Marketing,Tanisha Harris,black,12,3,4,0.42125392537664724,0.08994422792596353,0
18488289,Marketing,Matthew Davis,white,11,5,4,0.5031078608279442,0.1301114087211572,0
18488289,Marketing,Imani Taylor,black,11,5,4,0.5031078608279442,0.09545017989342758,0
31909493,Marketing,Jill Anderson,white,14,5,4,0.7860799427281191,0.1579452730856143,0
31909493,Marketing,Leroy Harris,black,14,5,4,0.7860799427281191,0.11686534792717641,0
29002596,Marketing,Allison Martin,white,10,1,4,0.05642790802517532,0.09472009268516707,0
29002596,Marketing,Precious Moore,black,10,1,4,0.05642790802517532,0.0687419413061782,0
73282756,Marketing,Matthew Davis,white,10,5,4,0.408783833527886,0.12180649367762933,0
73282756,Marketing,Tyrone Jackson,black,10,5,4,0.408783833527886,0.08913097732259186,0
94492380,Marketing,Matthew Davis,white,9,3,4,0.1382818434764723,0.10048611890099447,0
94492380,Marketing,Darnell Robinson,black,9,3,4,0.1382818434764723,0.07305417979684938,0
18905648,Marketing,Laurie Rogers,white,5,1,4,-0.4151922284751163,0.06694366433991902,0
18905648,Marketing,Imani Taylor,black,5,1,4,-0.4151922284751163,0.0481781163398998,0
70196518,Marketing,Emily Walsh,white,8,2,3,-0.6599388139216679,0.055702753633143906,0
70196518,Marketing,Jermaine Taylor,black,8,2,3,-0.6599388139216679,0.03995331413548655,0
56952849,Marketing,Neil Johnson,white,5,15,4,0.818053510784371,0.16137706287237685,1
56952849,Marketing,Shanice Thomas,black,5,15,4,0.818053510784371,0.11953126724719815,0
40311088,Marketing,Emily Taylor,white,3,3,4,-0.4276623203238775,0.0663232223222213,1
40311088,Marketing,Kenya Davis,black,3,3,4,-0.4276623203238775,0.04772270020701753,0
19053815,Marketing,Brendan Taylor,white,7,1,4,-0.22654417387499964,0.0770091054739497,0
19053815,Marketing,DeShawn Wilson,black,7,1,4,-0.22654417387499964,0.05559013064197603,0
10005171,Marketing,Todd Miller,white,5,1,4,-0.4151922284751163,0.06694366433991902,0
10005171,Marketing,Latoya Brown,black,5,1,4,-0.4151922284751163,0.0481781163398998,0
26160200,Marketing,Emily Taylor,white,10,5,4,0.408783833527886,0.12180649367762933,0
26160200,Marketing,Hakim Williams,black,10,5,4,0.408783833527886,0.08913097732259186,0
59011090,Marketing,Connor Brown,white,10,2,4,0.14451688940085294,0.10093788018062168,0
59011090,Marketing,Jermaine Taylor,black,10,2,4,0.14451688940085294,0.07339267617792371,0
34583750,Marketing,Allison Martin,white,4,3,3,-0.9491459417462234,0.0447117363700982,0
34583750,Marketing,Aaliyah Wilson,black,4,3,3,-0.9491459417462234,0.03196471218693021,0
22380187,Marketing,Emily Taylor,white,7,3,4,-0.05036621112364431,0.08764350250978133,0
22380187,Marketing,Lakisha Washington,black,7,3,4,-0.05036621112364431,0.06347011864115405,0
24953921,Marketing,Brendan Taylor,white,3,5,4,-0.2514843575725222,0.07560284761482883,0
24953921,Marketing,Kenya Davis,black,3,5,4,-0.2514843575725222,0.05455188604575262,0
20490741,Marketing,Claire Johnson,white,2,2,4,-0.6100753289996135,0.057838578144207585,0
20490741,Marketing,Tyrone Jackson,black,2,2,4,-0.6100753289996135,0.0415118010640268,0
21125113,Marketing,Todd Williams,white,2,3,4,-0.5219863476239358,0.06180059957211414,0
21125113,Marketing,Tamika Jones,black,2,3,4,-0.5219863476239358,0.04440813133217521,0
11270462,Marketing,Emily Walsh,white,5,2,4,-0.3271032470994386,0.07148207545075115,0
11270462,Marketing,Precious Moore,black,5,2,4,-0.3271032470994386,0.051514565739646426,0
90685127,Marketing,Matthew Davis,white,13,3,4,0.5155779526767055,0.13124469743676154,1
90685127,Marketing,Hakim Williams,black,13,3,4,0.5155779526767055,0.09631499157231437,0
20628003,Marketing,Emily Taylor,white,11,5,1,-1.3443150853392685,0.03299293254725405,0
20628003,Marketing,Aaliyah Wilson,black,11,5,1,-1.3443150853392685,0.023504659383241963,0
30504149,Marketing,Molly Davis,white,9,4,4,0.22637082485214993,0.10703765711004926,0
30504149,Marketing,Imani Taylor,black,9,4,4,0.22637082485214993,0.07797223195823075,0
25706337,Marketing,Kristen Murphy,white,8,3,4,0.04395781617641399,0.09386811407633536,0
25706337,Marketing,Tyrone Jackson,black,8,3,4,0.04395781617641399,0.06810604917823244,0
91318828,Marketing,Allison Martin,white,9,1,3,-0.6537037679972872,0.055965706353502453,0
91318828,Marketing,Imani Taylor,black,9,1,3,-0.6537037679972872,0.04014508014784368,0
42156237,Marketing,Anne Peterson,white,5,1,4,-0.4151922284751163,0.06694366433991902,0
42156237,Marketing,Keisha Williams,black,5,1,4,-0.4151922284751163,0.0481781163398998,0
80679862,Marketing,Connor Brown,white,15,4,4,0.7923149886524997,0.1586098072462199,0
80679862,Marketing,Jamal Washington,black,15,4,4,0.7923149886524997,0.1173811370667242,0
16276121,Marketing,Connor Brown,white,9,3,4,0.1382818434764723,0.10048611890099447,0
16276121,Marketing,Jermaine Taylor,black,9,3,4,0.1382818434764723,0.07305417979684938,0
27921561,Marketing,Geoffrey Thomas,white,6,1,4,-0.32086820117505793,0.07181385183417688,0
27921561,Marketing,Tremayne Brown,black,6,1,4,-0.32086820117505793,0.0517588312117755,0
50219114,Marketing,Matthew Davis,white,14,1,4,0.4337240172254085,0.12395692360586415,0
50219114,Marketing,Ebony Robinson,black,14,1,4,0.4337240172254085,0.09076415940784728,0
30864828,Marketing,Brett Martin,white,1,3,4,-0.6163103749239942,0.05756736240972163,1
30864828,Marketing,Kareem Davis,black,1,3,4,-0.6163103749239942,0.041313787466826256,0
17562754,Marketing,Brendan Taylor,white,9,30,4,2.5166843406197694,0.42822106014127204,1
17562754,Marketing,Hakim Williams,black,9,30,4,2.5166843406197694,0.3457051685050882,1
24679149,Marketing,Todd Miller,white,8,2,4,-0.04413116519926369,0.0880431777400749,0
24679149,Marketing,Jermaine Taylor,black,8,2,4,-0.04413116519926369,0.0637672622308739,0
81508860,Marketing,Brett Wilson,white,7,3,4,-0.05036621112364431,0.08764350250978133,0
81508860,Marketing,Keisha Williams,black,7,3,4,-0.05036621112364431,0.06347011864115405,0
28679359,Marketing,Laurie Rogers,white,13,10,4,1.132200822306449,0.19834034080637808,0
28679359,Marketing,Shanice Thomas,black,13,10,4,1.132200822306449,0.14860826707587427,0
14556869,Marketing,Kristen Murphy,white,9,2,4,0.050192862100794614,0.09429324131641027,0
14556869,Marketing,Leroy Harris,black,9,2,4,0.050192862100794614,0.06842331079465225,0
23810469,Marketing,Emily Taylor,white,12,13,4,1.3021437391334238,0.22084560740683776,0
23810469,Marketing,DeShawn Wilson,black,12,13,4,1.3021437391334238,0.16664356605098585,0
16536141,Marketing,Jill Anderson,white,14,4,4,0.6979909613524414,0.14879701123391179,0
16536141,Marketing,Hakim Williams,black,14,4,4,0.6979909613524414,0.10978623441825767,0
12085736,Marketing,Jill Anderson,white,9,7,4,0.490637768979183,0.12898645293940653,0
12085736,Marketing,Lakisha Washington,black,9,7,4,0.490637768979183,0.09459232054488209,0
20210676,Marketing,Brendan Taylor,white,9,10,4,0.754904713106216,0.15465649123777145,0
20210676,Marketing,Rasheed Jones,black,9,10,4,0.754904713106216,0.1143158195184991,0
22706174,Marketing,Geoffrey Thomas,white,9,5,3,-0.3013478424945766,0.07286176655017472,1
22706174,Marketing,Aaliyah Wilson,black,9,5,3,-0.3013478424945766,0.052530663337977686,0
18354623,Marketing,Jill Anderson,white,12,4,4,0.5093429067523249,0.13067700921078781,0
18354623,Marketing,Rasheed Jones,black,12,4,4,0.5093429067523249,0.09588171410964223,0
17432318,Marketing,Molly Davis,white,9,5,4,0.3144598062278276,0.11396222841165368,0
17432318,Marketing,Aisha Jackson,black,9,5,4,0.3144598062278276,0.08319165602979539,0
11877150,Finance,Greg Baker,white,9,1,4,-0.2983858479231355,0.07302200178490556,0
11877150,Finance,Tanisha Harris,black,9,1,4,-0.2983858479231355,0.052648726069359796,0
86549455,Finance,Connor Brown,white,4,1,4,-0.8548450531927991,0.0480469798873768,0
86549455,Finance,Imani Taylor,black,4,1,4,-0.8548450531927991,0.03438332334844194,0
26530575,Finance,Molly Davis,white,14,1,4,0.25807335734652814,0.10948604487764034,0
26530575,Finance,Kareem Davis,black,14,1,4,0.25807335734652814,0.07981520039734147,0
23955183,Finance,Meredith Collins,white,8,2,4,-0.2850036617570844,0.07374999245074286,0
23955183,Finance,Kenya Davis,black,8,2,4,-0.2850036617570844,0.05318525942889627,0
24854026,Finance,Todd Williams,white,9,5,4,0.2003102609567999,0.1050612136156178,1
24854026,Finance,Shanice Thomas,black,9,5,4,0.2003102609567999,0.07648650950273489,0
48285304,Finance,Meredith Collins,white,9,1,4,-0.2983858479231355,0.07302200178490556,0
48285304,Finance,Kareem Davis,black,9,1,4,-0.2983858479231355,0.052648726069359796,0
14722634,Finance,Laurie Rogers,white,10,3,4,0.06225404757076493,0.09512051311190997,0
14722634,Finance,Kareem Davis,black,10,3,4,0.06225404757076493,0.06904091691085644,0
27789372,Finance,Todd Williams,white,6,3,4,-0.38291331664496603,0.06857478403885459,0
27789372,Finance,Ebony Robinson,black,6,3,4,-0.38291331664496603,0.04937619921378724,0
26767199,Finance,Brett Martin,white,13,5,4,0.6454776251725309,0.1435542133238007,0
26767199,Finance,Marquis Thomas,black,13,5,4,0.6454776251725309,0.10574720302203547,0
15891494,Finance,Emily Taylor,white,9,5,3,-0.5384009610517807,0.061043574290883196,0
15891494,Finance,Latoya Brown,black,9,5,3,-0.5384009610517807,0.043854196240569326,0
78229715,Finance,Meredith Collins,white,12,2,4,0.16016370245864653,0.1020795194611049,0
78229715,Finance,Aisha Jackson,black,12,2,4,0.16016370245864653,0.07424849925853008,0
22720697,Finance,Todd Williams,white,8,20,4,1.9591288282026251,0.32406401531555773,0
22720697,Finance,Lakisha Washington,black,8,20,4,1.9591288282026251,0.2527467455313312,0
70541112,Finance,Kristen Murphy,white,14,12,4,1.6294876567663508,0.26916360421615343,0
70541112,Finance,Keisha Williams,black,14,12,4,1.6294876567663508,0.20624188218550915,0
20705888,Finance,Anne Peterson,white,4,4,4,-0.4808229715328476,0.06373774226743385,0
20705888,Finance,Rasheed Jones,black,4,4,4,-0.4808229715328476,0.045826735235850034,0
28522529,Finance,Brett Martin,white,15,2,4,0.4940392256204448,0.1292924817739444,0
28522529,Finance,Kenya Davis,black,15,2,4,0.4940392256204448,0.09482563093591502,0
19147603,Finance,Brendan Taylor,white,9,1,4,-0.2983858479231355,0.07302200178490556,0
19147603,Finance,Terrence Moore,black,9,1,4,-0.2983858479231355,0.052648726069359796,0
11490673,Finance,Greg Baker,white,11,3,4,0.17354588862469766,0.1030649895462028,0
11490673,Finance,Precious Moore,black,11,3,4,0.17354588862469766,0.07498772831033397,0
84356308,Finance,Carrie Stewart,white,16,16,4,2.350767447754152,0.39607500633489906,0
84356308,Finance,Marquis Thomas,black,16,16,4,2.350767447754152,0.3163265599621399,0
91564103,Finance,Laurie Rogers,white,13,3,4,0.39612957073256316,0.12072773516378828,0
91564103,Finance,Darnell Robinson,black,13,3,4,0.39612957073256316,0.0883125029461326,0
22622351,Finance,Claire Johnson,white,10,1,4,-0.1870940068692028,0.07928251942212718,0
22622351,Finance,Keisha Williams,black,10,1,4,-0.1870940068692028,0.057270461730045366,0
61634281,Finance,Brett Wilson,white,6,3,4,-0.38291331664496603,0.06857478403885459,0
61634281,Finance,Jermaine Taylor,black,6,3,4,-0.38291331664496603,0.04937619921378724,0
24530382,Finance,Todd Miller,white,11,2,4,0.048871861404713814,0.09420302709566511,0
24530382,Finance,Rasheed Jones,black,11,2,4,0.048871861404713814,0.06835597939261678,1
27018361,Finance,Neil Johnson,white,8,2,4,-0.2850036617570844,0.07374999245074286,0
27018361,Finance,Aisha Jackson,black,8,2,4,-0.2850036617570844,0.05318525942889627,0
92524964,Finance,Kristen Murphy,white,9,1,4,-0.2983858479231355,0.07302200178490556,0
92524964,Finance,Hakim Williams,black,9,1,4,-0.2983858479231355,0.052648726069359796,0
19405513,Finance,Anne Peterson,white,10,3,4,0.06225404757076493,0.09512051311190997,0
19405513,Finance,Tyrone Jackson,black,10,3,4,0.06225404757076493,0.06904091691085644,0
17775916,Finance,Jay Garcia,white,13,5,3,-0.0932335968360497,0.08493978796934937,0
17775916,Finance,Aisha Jackson,black,13,5,3,-0.0932335968360497,0.06146189229304279,0
18975686,Finance,Connor Brown,white,5,4,4,-0.3695311304789149,0.06926175101853138,0
18975686,Finance,Jamal Washington,black,5,4,4,-0.3695311304789149,0.04988113883301252,0
28758002,Finance,Anne Peterson,white,13,5,4,0.6454776251725309,0.1435542133238007,0
28758002,Finance,Leroy Harris,black,13,5,4,0.6454776251725309,0.10574720302203547,0
59938965,Finance,Emily Walsh,white,4,2,3,-1.4688822479813959,0.029957326032891224,0
59938965,Finance,Keisha Williams,black,4,2,3,-1.4688822479813959,0.02132279802615046,0
28396458,Finance,Connor Brown,white,7,2,4,-0.3962955028110171,0.06789413365425852,0
28396458,Finance,Kareem Davis,black,7,2,4,-0.3962955028110171,0.0488761080831997,0
27914096,Finance,Emily Walsh,white,16,2,4,0.6053310666743775,0.13965053846155961,0
27914096,Finance,Tyrone Jackson,black,16,2,4,0.6053310666743775,0.1027482753315476,0
57088974,Finance,Connor Brown,white,11,2,4,0.048871861404713814,0.09420302709566511,0
57088974,Finance,Kareem Davis,black,11,2,4,0.048871861404713814,0.06835597939261678,0
26231609,Finance,Brad Anderson,white,11,4,4,0.29821991584468155,0.11265693703707733,0
26231609,Finance,DeShawn Wilson,black,11,4,4,0.29821991584468155,0.08220610319416238,0
20836112,Finance,Brett Wilson,white,3,1,3,-1.7048481162553126,0.024932394748119986,0
20836112,Finance,Aaliyah Wilson,black,3,1,3,-1.7048481162553126,0.01771973411689033,0
28398216,Finance,Allison Martin,white,9,2,4,-0.1737118207031517,0.08006753313144051,0
28398216,Finance,DeShawn Wilson,black,9,2,4,-0.1737118207031517,0.05785121816091081,0
26961846,Finance,Brendan Taylor,white,9,3,4,-0.04903779348316783,0.08772851822935629,0
26961846,Finance,Hakim Williams,black,9,3,4,-0.04903779348316783,0.06353331863727202,0
37931076,Finance,Greg Baker,white,5,6,2,-1.5976055200561081,0.027105347337205824,0
37931076,Finance,Jermaine Taylor,black,5,6,2,-1.5976055200561081,0.019276503284029998,0
16426777,Finance,Carrie Stewart,white,11,4,4,0.29821991584468155,0.11265693703707733,0
16426777,Finance,Aaliyah Wilson,black,11,4,4,0.29821991584468155,0.08220610319416238,1
26750846,Finance,Brendan Taylor,white,9,2,4,-0.1737118207031517,0.08006753313144051,0
26750846,Finance,Aaliyah Wilson,black,9,2,4,-0.1737118207031517,0.05785121816091081,0
28623782,Finance,Carrie Stewart,white,13,3,4,0.39612957073256316,0.12072773516378828,1
28623782,Finance,Aisha Jackson,black,13,3,4,0.39612957073256316,0.0883125029461326,0
81677620,Finance,Jill Anderson,white,11,2,4,0.048871861404713814,0.09420302709566511,1
81677620,Finance,Jamal Washington,black,11,2,4,0.048871861404713814,0.06835597939261678,1
14413148,Finance,Todd Miller,white,8,1,4,-0.40967768897706824,0.06721975161272012,0
14413148,Finance,Jamal Washington,black,8,1,4,-0.40967768897706824,0.04838082418895388,0
76454959,Finance,Neil Johnson,white,9,4,4,0.07563623373681605,0.096045987433724,0
76454959,Finance,Tremayne Brown,black,9,4,4,0.07563623373681605,0.06973220391020506,0
11441764,Finance,Brendan Taylor,white,10,1,4,-0.1870940068692028,0.07928251942212718,1
11441764,Finance,Tamika Jones,black,10,1,4,-0.1870940068692028,0.057270461730045366,0
24411323,Finance,Molly Davis,white,4,4,4,-0.4808229715328476,0.06373774226743385,0
24411323,Finance,Kenya Davis,black,4,4,4,-0.4808229715328476,0.045826735235850034,0
33685988,Finance,Kristen Murphy,white,9,2,4,-0.1737118207031517,0.08006753313144051,0
33685988,Finance,Tanisha Harris,black,9,2,4,-0.1737118207031517,0.05785121816091081,0
62850928,Finance,Brett Wilson,white,11,2,4,0.048871861404713814,0.09420302709566511,0
62850928,Finance,Jermaine Taylor,black,11,2,4,0.048871861404713814,0.06835597939261678,0
34250007,Finance,Jay Garcia,white,12,4,4,0.4095117568986143,0.12186879997723889,0
34250007,Finance,Jermaine Taylor,black,12,4,4,0.4095117568986143,0.08917826676169029,1
74849878,Finance,Brett Wilson,white,7,3,4,-0.2716214755910333,0.07448465762762906,0
74849878,Finance,Leroy Harris,black,7,3,4,-0.2716214755910333,0.05372695041067933,0
25497147,Finance,Jay Garcia,white,13,3,4,0.39612957073256316,0.12072773516378828,0
25497147,Finance,Tanisha Harris,black,13,3,4,0.39612957073256316,0.0883125029461326,0
31948488,Finance,Allison Martin,white,10,2,4,-0.062419979649218936,0.08687548647085075,0
31948488,Finance,Kenya Davis,black,10,2,4,-0.062419979649218936,0.06289932894872764,1
18640927,Finance,Meredith Collins,white,4,2,4,-0.7301710259728152,0.05282010300680263,0
18640927,Finance,Tyrone Jackson,black,4,2,4,-0.7301710259728152,0.03785303461701463,0
77638654,Finance,Brett Wilson,white,6,1,4,-0.6322613710849337,0.056878942303972044,0
77638654,Finance,Ebony Robinson,black,6,1,4,-0.6322613710849337,0.040811318981053855,0
38441665,Finance,Jill Anderson,white,11,2,4,0.048871861404713814,0.09420302709566511,0
38441665,Finance,Tamika Jones,black,11,2,4,0.048871861404713814,0.06835597939261678,0
18072085,Finance,Brad Anderson,white,11,4,4,0.29821991584468155,0.11265693703707733,0
18072085,Finance,Precious Moore,black,11,4,4,0.29821991584468155,0.08220610319416238,0
14408510,Finance,Kristen Murphy,white,10,3,4,0.06225404757076493,0.09512051311190997,0
14408510,Finance,Latoya Brown,black,10,3,4,0.06225404757076493,0.06904091691085644,0
12858898,Finance,Jay Garcia,white,10,3,4,0.06225404757076493,0.09512051311190997,0
12858898,Finance,Aaliyah Wilson,black,10,3,4,0.06225404757076493,0.06904091691085644,0
24670867,Finance,Brendan Taylor,white,11,1,4,-0.07580216581527005,0.08602996700538135,1
24670867,Finance,Jermaine Taylor,black,11,1,4,-0.07580216581527005,0.06227124506449343,0
29648950,Finance,Anne Peterson,white,2,3,4,-0.828080680860697,0.04903584040497614,0
29648950,Finance,Jamal Washington,black,2,3,4,-0.828080680860697,0.0351013397227692,0
27330027,Finance,Jill Anderson,white,12,3,4,0.2848377296786304,0.11159116281040905,0
27330027,Finance,Marquis Thomas,black,12,3,4,0.2848377296786304,0.08140197743859041,0
17880988,Finance,Jay Garcia,white,10,5,4,0.3116021020107327,0.11373158708518119,0
17880988,Finance,Latoya Brown,black,10,5,4,0.3116021020107327,0.0830174545813366,0
15011085,Finance,Anne Peterson,white,14,4,4,0.6320954390064797,0.14224299617399225,0
15011085,Finance,Rasheed Jones,black,14,4,4,0.6320954390064797,0.10473908142205661,0
20977412,Finance,Emily Taylor,white,11,5,4,0.42289394306466543,0.12301914071894417,0
20977412,Finance,Imani Taylor,black,11,5,4,0.42289394306466543,0.09005167967184158,0
26013403,Finance,Todd Miller,white,9,3,4,-0.04903779348316783,0.08772851822935629,1
26013403,Finance,Keisha Williams,black,9,3,4,-0.04903779348316783,0.06353331863727202,0
84373843,Finance,Connor Brown,white,5,4,4,-0.3695311304789149,0.06926175101853138,0
84373843,Finance,Tyrone Jackson,black,5,4,4,-0.3695311304789149,0.04988113883301252,0
21912637,Finance,Kristen Murphy,white,8,1,4,-0.40967768897706824,0.06721975161272012,0
21912637,Finance,Tamika Jones,black,8,1,4,-0.40967768897706824,0.04838082418895388,0
14181049,Finance,Kristen Murphy,white,11,1,4,-0.07580216581527005,0.08602996700538135,1
14181049,Finance,Keisha Williams,black,11,1,4,-0.07580216581527005,0.06227124506449343,0
29998869,Finance,Laurie Rogers,white,8,3,4,-0.16032963453710058,0.08085963700725023,0
29998869,Finance,Jamal Washington,black,8,3,4,-0.16032963453710058,0.0584374987482437,0
18024825,Finance,Emily Walsh,white,8,2,5,0.4537075602514961,0.12570342190333147,0
18024825,Finance,Ebony Robinson,black,8,2,5,0.4537075602514961,0.09209214927137321,0
28973180,Finance,Greg Baker,white,5,3,4,-0.4942051576988987,0.06310185012070861,0
28973180,Finance,Precious Moore,black,5,3,4,-0.4942051576988987,0.04536087831586843,0
23573064,Finance,Emily Walsh,white,9,5,4,0.2003102609567999,0.1050612136156178,0
23573064,Finance,Marquis Thomas,black,9,5,4,0.2003102609567999,0.07648650950273489,0
10549585,Finance,Neil Johnson,white,3,3,4,-0.7167888398067642,0.05335828446918773,0
10549585,Finance,Shanice Thomas,black,3,3,4,-0.7167888398067642,0.03824487488366357,0
23354541,Finance,Brad Anderson,white,5,1,4,-0.7435532121388665,0.052287049919120095,0
23354541,Finance,Marquis Thomas,black,5,1,4,-0.7435532121388665,0.03746505258523145,0
29494962,Finance,Todd Miller,white,5,1,4,-0.7435532121388665,0.052287049919120095,0
29494962,Finance,Marquis Thomas,black,5,1,4,-0.7435532121388665,0.03746505258523145,0
81217013,Finance,Jay Garcia,white,10,5,4,0.3116021020107327,0.11373158708518119,0
81217013,Finance,Shanice Thomas,black,10,5,4,0.3116021020107327,0.0830174545813366,0
39675895,Finance,Emily Taylor,white,8,4,4,-0.03565560731711669,0.08858911330751117,0
39675895,Finance,Precious Moore,black,8,4,4,-0.03565560731711669,0.06417326097458954,1
12071138,Finance,Brett Wilson,white,12,3,4,0.2848377296786304,0.11159116281040905,0
12071138,Finance,Latoya Brown,black,12,3,4,0.2848377296786304,0.08140197743859041,0
25330083,Finance,Molly Davis,white,12,3,4,0.2848377296786304,0.11159116281040905,1
25330083,Finance,DeShawn Wilson,black,12,3,4,0.2848377296786304,0.08140197743859041,0
69487178,Finance,Brendan Taylor,white,10,4,4,0.1869280747907488,0.10405887077779208,0
69487178,Finance,Leroy Harris,black,10,4,4,0.1869280747907488,0.07573371514076514,0
86595128,Finance,Connor Brown,white,13,5,4,0.6454776251725309,0.1435542133238007,1
86595128,Finance,Tamika Jones,black,13,5,4,0.6454776251725309,0.10574720302203547,1
74512244,Finance,Matthew Davis,white,7,5,4,-0.022273421151065557,0.08945732276624294,0
74512244,Finance,Precious Moore,black,7,5,4,-0.022273421151065557,0.0648192030002756,0
25678238,Finance,Geoffrey Thomas,white,6,1,4,-0.6322613710849337,0.056878942303972044,0
25678238,Finance,Imani Taylor,black,6,1,4,-0.6322613710849337,0.040811318981053855,0
38907798,Finance,Meredith Collins,white,10,4,4,0.1869280747907488,0.10405887077779208,0
38907798,Finance,Aaliyah Wilson,black,10,4,4,0.1869280747907488,0.07573371514076514,0
58165257,Finance,Carrie Stewart,white,12,5,4,0.5341857841185982,0.1329513593610398,0
58165257,Finance,Precious Moore,black,12,5,4,0.5341857841185982,0.09761847752924917,0
93653247,Finance,Geoffrey Thomas,white,12,2,4,0.16016370245864653,0.1020795194611049,0
93653247,Finance,Hakim Williams,black,12,2,4,0.16016370245864653,0.07424849925853008,1
29612672,Finance,Todd Miller,white,5,3,4,-0.4942051576988987,0.06310185012070861,0
29612672,Finance,Aaliyah Wilson,black,5,3,4,-0.4942051576988987,0.04536087831586843,0
66741193,Finance,Meredith Collins,white,12,1,4,0.03548967523866268,0.09329347830149133,0
66741193,Finance,Leroy Harris,black,12,1,4,0.03548967523866268,0.06767734298816828,0
24553863,Finance,Todd Williams,white,8,4,4,-0.03565560731711669,0.08858911330751117,0
24553863,Finance,Tremayne Brown,black,8,4,4,-0.03565560731711669,0.06417326097458954,0
16449850,Finance,Greg Baker,white,13,1,4,0.14678151629259542,0.10110240995734722,0
16449850,Finance,Tremayne Brown,black,13,1,4,0.14678151629259542,0.07351597836225153,0
47410104,Finance,Greg Baker,white,12,5,4,0.5341857841185982,0.1329513593610398,0
47410104,Finance,DeShawn Wilson,black,12,5,4,0.5341857841185982,0.09761847752924917,0
38225199,Finance,Todd Williams,white,4,5,4,-0.3561489443128637,0.06995508301436194,1
38225199,Finance,Keisha Williams,black,4,5,4,-0.3561489443128637,0.05039096843585717,0
14106638,Finance,Emily Walsh,white,14,2,4,0.38274738456651203,0.11959589913433007,0
14106638,Finance,Tamika Jones,black,14,2,4,0.38274738456651203,0.08745433714501803,0
19243556,Finance,Carrie Stewart,white,11,25,4,2.916374487464343,0.5076592076965178,1
19243556,Finance,Terrence Moore,black,11,25,4,2.916374487464343,0.42110969458636044,0
20880935,Finance,Greg Baker,white,9,3,4,-0.04903779348316783,0.08772851822935629,0
20880935,Finance,Precious Moore,black,9,3,4,-0.04903779348316783,0.06353331863727202,0
95519832,Finance,Brett Martin,white,4,4,4,-0.4808229715328476,0.06373774226743385,0
95519832,Finance,Jermaine Taylor,black,4,4,4,-0.4808229715328476,0.045826735235850034,0
39295103,Finance,Connor Brown,white,6,1,2,-2.1096838151020947,0.0181599924138974,0
39295103,Finance,Leroy Harris,black,6,1,2,-2.1096838151020947,0.012880630665853742,0
25101183,Finance,Allison Martin,white,12,3,4,0.2848377296786304,0.11159116281040905,0
25101183,Finance,DeShawn Wilson,black,12,3,4,0.2848377296786304,0.08140197743859041,0
88038965,Finance,Neil Johnson,white,8,5,3,-0.6496928021057135,0.056135478941649,0
88038965,Finance,Darnell Robinson,black,8,5,3,-0.6496928021057135,0.04026890784956118,0
17392859,Finance,Connor Brown,white,13,3,4,0.39612957073256316,0.12072773516378828,0
17392859,Finance,Tanisha Harris,black,13,3,4,0.39612957073256316,0.0883125029461326,0
20969845,Finance,Emily Walsh,white,8,1,4,-0.40967768897706824,0.06721975161272012,0
20969845,Finance,Shanice Thomas,black,8,1,4,-0.40967768897706824,0.04838082418895388,0
20275356,Finance,Meredith Collins,white,9,3,4,-0.04903779348316783,0.08772851822935629,0
20275356,Finance,Lakisha Washington,black,9,3,4,-0.04903779348316783,0.06353331863727202,0
59818742,Finance,Matthew Davis,white,14,5,4,0.7567694662264636,0.1548516267996833,0
59818742,Finance,Rasheed Jones,black,14,5,4,0.7567694662264636,0.11446694803535133,0
72136463,Finance,Carrie Stewart,white,8,3,4,-0.16032963453710058,0.08085963700725023,0
72136463,Finance,Aaliyah Wilson,black,8,3,4,-0.16032963453710058,0.0584374987482437,0
98513424,Finance,Carrie Stewart,white,15,4,4,0.7433872800604124,0.1534557089460313,0
98513424,Finance,Marquis Thomas,black,15,4,4,0.7433872800604124,0.11338623851854701,0
15717923,Finance,Kristen Murphy,white,6,5,4,-0.13356526220499831,0.08246531727538205,0
15717923,Finance,Terrence Moore,black,6,5,4,-0.13356526220499831,0.05962681307342671,0
24833063,Finance,Todd Miller,white,13,3,4,0.39612957073256316,0.12072773516378828,0
24833063,Finance,Shanice Thomas,black,13,3,4,0.39612957073256316,0.0883125029461326,0
15792052,Finance,Anne Peterson,white,8,4,4,-0.03565560731711669,0.08858911330751117,0
15792052,Finance,Tyrone Jackson,black,8,4,4,-0.03565560731711669,0.06417326097458954,0
59450123,Finance,Anne Peterson,white,9,3,4,-0.04903779348316783,0.08772851822935629,0
59450123,Finance,Kenya Davis,black,9,3,4,-0.04903779348316783,0.06353331863727202,0
24611721,Finance,Geoffrey Thomas,white,4,5,4,-0.3561489443128637,0.06995508301436194,0
24611721,Finance,Tamika Jones,black,4,5,4,-0.3561489443128637,0.05039096843585717,0
15224503,Finance,Todd Williams,white,9,2,4,-0.1737118207031517,0.08006753313144051,0
15224503,Finance,DeShawn Wilson,black,9,2,4,-0.1737118207031517,0.05785121816091081,0
27409087,Finance,Brett Wilson,white,13,2,4,0.2714555435125793,0.11053421521721649,0
27409087,Finance,Tyrone Jackson,black,13,2,4,0.2714555435125793,0.08060502668728646,0
20918464,Finance,Matthew Davis,white,7,4,4,-0.14694744837104942,0.0816588815316914,0
20918464,Finance,Imani Taylor,black,7,4,4,-0.14694744837104942,0.059029348608113374,0
19540089,Finance,Todd Williams,white,11,4,4,0.29821991584468155,0.11265693703707733,0
19540089,Finance,Jermaine Taylor,black,11,4,4,0.29821991584468155,0.08220610319416238,0
28724469,Finance,Meredith Collins,white,7,2,4,-0.3962955028110171,0.06789413365425852,0
28724469,Finance,Kenya Davis,black,7,2,4,-0.3962955028110171,0.0488761080831997,0
18636651,Finance,Claire Johnson,white,12,5,4,0.5341857841185982,0.1329513593610398,0
18636651,Finance,Tanisha Harris,black,12,5,4,0.5341857841185982,0.09761847752924917,1
59777056,Finance,Geoffrey Thomas,white,9,5,4,0.2003102609567999,0.1050612136156178,0
59777056,Finance,Aaliyah Wilson,black,9,5,4,0.2003102609567999,0.07648650950273489,0
22492537,Finance,Meredith Collins,white,12,3,4,0.2848377296786304,0.11159116281040905,0
22492537,Finance,Marquis Thomas,black,12,3,4,0.2848377296786304,0.08140197743859041,1
24967652,Finance,Meredith Collins,white,6,4,4,-0.25823928942498214,0.07522604684768015,0
24967652,Finance,Leroy Harris,black,6,4,4,-0.25823928942498214,0.05427384225103065,0
